"","V7118","V7202"
"1",0,0
"2",0,1
"3",0,0
"4",0,1
"5",0,1
"6",1,1
"7",1,0
"8",1,1
"9",1,1
"10",1,1
"11",1,1
"12",1,1
"13",0,1
"14",1,1
"15",0,0
"16",0,0
"17",1,1
"18",1,1
"19",0,0
"20",1,1
"21",1,1
"22",0,1
"23",1,1
"24",0,1
"25",1,1
"26",0,1
"27",0,1
"28",1,1
"29",1,0
"30",0,0
"31",1,1
"32",1,1
"33",0,1
"34",0,0
"35",0,1
"36",1,1
"37",1,1
"38",1,1
"39",0,0
"40",0,0
"41",0,0
"42",1,1
"43",0,0
"44",0,1
"45",1,1
"46",1,1
"47",1,1
"48",0,0
"49",0,0
"50",0,0
"51",0,0
"52",1,1
"53",0,1
"54",1,1
"55",0,0
"56",0,0
"57",1,1
"58",1,1
"59",1,0
"60",1,1
"61",1,1
"62",0,1
"63",1,0
"64",1,1
"65",1,0
"66",0,0
"67",1,1
"68",0,0
"69",0,0
"70",0,1
"71",0,1
"72",0,0
"73",0,1
"74",0,1
"75",0,1
"76",1,1
"77",0,1
"78",0,0
"79",1,1
"80",0,0
"81",1,1
"82",1,1
"83",1,1
"84",0,1
"85",0,0
"86",0,1
"87",1,1
"88",0,1
"89",0,0
"90",1,1
"91",1,1
"92",1,1
"93",1,1
"94",0,0
"95",0,0
"96",1,0
"97",1,1
"98",0,1
"99",0,0
"100",0,0
"101",1,1
"102",1,1
"103",0,0
"104",1,1
"105",0,0
"106",1,1
"107",0,0
"108",1,1
"109",1,1
"110",0,0
"111",1,1
"112",1,1
"113",0,1
"114",1,1
"115",0,0
"116",0,1
"117",0,1
"118",1,1
"119",1,1
"120",1,1
"121",1,1
"122",0,1
"123",1,0
"124",0,0
"125",1,1
"126",0,0
"127",1,1
"128",1,1
"129",0,0
"130",0,1
"131",1,1
"132",1,1
"133",0,1
"134",0,0
"135",0,1
"136",0,1
"137",1,1
"138",0,1
"139",1,1
"140",0,1
"141",1,1
"142",1,1
"143",0,0
"144",1,1
"145",1,1
"146",1,1
"147",1,1
"148",1,1
"149",1,1
"150",0,0
"151",0,1
"152",1,1
"153",0,0
"154",0,1
"155",1,1
"156",0,1
"157",1,1
"158",0,0
"159",1,0
"160",0,1
"161",1,1
"162",1,0
"163",1,1
"164",0,0
"165",1,1
"166",0,0
"167",1,1
"168",0,1
"169",0,1
"170",0,1
"171",0,1
"172",1,1
"173",0,1
"174",1,1
"175",1,1
"176",1,1
"177",0,0
"178",1,1
"179",1,1
"180",0,0
"181",0,0
"182",0,0
"183",1,1
"184",1,1
"185",0,0
"186",1,1
"187",0,0
"188",0,1
"189",0,0
"190",1,1
"191",1,1
"192",1,1
"193",0,0
"194",0,0
"195",0,0
"196",1,1
"197",0,1
"198",1,1
"199",0,0
"200",1,1
"201",1,1
"202",1,1
"203",1,1
"204",0,1
"205",1,1
"206",1,0
"207",0,0
"208",1,1
"209",1,1
"210",0,0
"211",0,1
"212",1,1
"213",1,1
"214",1,1
"215",0,0
"216",0,0
"217",1,1
"218",0,1
"219",1,1
"220",1,1
"221",0,1
"222",0,1
"223",0,0
"224",1,1
"225",1,1
"226",1,1
"227",0,0
"228",0,1
"229",1,1
"230",1,1
"231",0,0
"232",1,1
"233",0,1
"234",1,1
"235",0,1
"236",0,1
"237",0,1
"238",0,1
"239",1,1
"240",0,0
"241",1,1
"242",0,1
"243",0,0
"244",1,1
"245",1,1
"246",0,0
"247",0,0
"248",0,1
"249",0,1
"250",1,1
"251",0,0
"252",1,1
"253",1,0
"254",1,1
"255",0,0
"256",1,1
"257",1,1
"258",0,1
"259",0,1
"260",1,1
"261",1,1
"262",1,1
"263",0,1
"264",1,1
"265",1,1
"266",0,0
"267",0,1
"268",0,1
"269",1,1
"270",1,1
"271",1,1
"272",1,1
"273",0,1
"274",0,1
"275",0,0
"276",1,1
"277",0,1
"278",1,1
"279",0,1
"280",0,0
"281",0,1
"282",1,1
"283",1,1
"284",0,0
"285",0,1
"286",0,1
"287",0,1
"288",0,1
"289",0,1
"290",0,1
"291",0,0
"292",0,1
"293",0,0
"294",0,1
"295",0,0
"296",1,1
"297",0,1
"298",1,1
"299",1,1
"300",0,1
"301",1,1
"302",1,1
"303",0,1
"304",0,1
"305",1,1
"306",0,1
"307",0,0
"308",1,1
"309",1,1
"310",1,1
"311",0,1
"312",1,1
"313",0,0
"314",1,1
"315",0,1
"316",0,0
"317",1,1
"318",0,1
"319",1,1
"320",0,1
"321",1,1
"322",1,1
"323",0,0
"324",1,1
"325",1,1
"326",1,1
"327",0,0
"328",1,1
"329",1,1
"330",1,1
"331",1,1
"332",1,1
"333",0,0
"334",0,0
"335",0,1
"336",1,1
"337",0,1
"338",1,1
"339",0,0
"340",1,0
"341",0,1
"342",1,0
"343",0,0
"344",0,0
"345",1,1
"346",0,1
"347",1,1
"348",0,1
"349",1,1
"350",1,1
"351",1,1
"352",1,0
"353",0,1
"354",0,0
"355",0,1
"356",1,1
"357",0,1
"358",0,1
"359",0,0
"360",1,1
"361",1,1
"362",1,1
"363",0,0
"364",0,1
"365",0,1
"366",1,1
"367",1,1
"368",0,0
"369",1,1
"370",1,1
"371",0,1
"372",1,1
"373",0,1
"374",0,1
"375",0,1
"376",0,1
"377",0,0
"378",0,0
"379",1,1
"380",1,1
"381",0,0
"382",1,1
"383",0,0
"384",1,0
"385",1,1
"386",0,1
"387",0,0
"388",0,1
"389",1,1
"390",0,0
"391",0,1
"392",1,1
"393",0,1
"394",0,0
"395",1,1
"396",1,1
"397",0,0
"398",0,1
"399",1,1
"400",1,1
"401",1,1
"402",1,1
"403",0,1
"404",0,1
"405",0,0
"406",1,1
"407",0,0
"408",0,0
"409",1,1
"410",0,1
"411",1,0
"412",1,1
"413",0,0
"414",0,0
"415",1,1
"416",1,1
"417",0,1
"418",1,1
"419",1,0
"420",1,1
"421",1,1
"422",1,1
"423",1,0
"424",0,0
"425",0,1
"426",1,1
"427",1,1
"428",0,1
"429",0,1
"430",1,1
"431",1,1
"432",1,1
"433",0,1
"434",0,1
"435",0,1
"436",0,1
"437",1,0
"438",1,1
"439",1,1
"440",0,1
"441",1,1
"442",0,1
"443",1,1
"444",0,1
"445",0,1
"446",0,0
"447",1,1
"448",1,1
"449",1,1
"450",1,1
"451",0,1
"452",1,1
"453",1,1
"454",0,0
"455",0,0
"456",0,1
"457",0,0
"458",0,0
"459",0,0
"460",0,1
"461",1,1
"462",1,1
"463",0,1
"464",0,1
"465",1,1
"466",1,1
"467",0,1
"468",0,0
"469",0,0
"470",1,1
"471",0,1
"472",0,0
"473",1,0
"474",1,0
"475",0,1
"476",0,1
"477",0,0
"478",1,1
"479",1,0
"480",0,0
"481",1,0
"482",1,1
"483",1,1
"484",1,1
"485",0,1
"486",0,0
"487",0,1
"488",0,1
"489",1,1
"490",1,1
"491",0,1
"492",0,0
"493",0,0
"494",1,0
"495",0,1
"496",1,1
"497",1,1
"498",0,0
"499",0,0
"500",0,1
"501",0,0
"502",0,0
"503",1,1
"504",1,1
"505",1,1
"506",1,1
"507",0,0
"508",0,1
"509",1,1
"510",0,0
"511",0,0
"512",0,0
"513",0,1
"514",0,1
"515",0,1
"516",0,1
"517",0,1
"518",1,1
"519",0,1
"520",0,0
"521",0,1
"522",1,1
"523",0,0
"524",1,1
"525",0,1
"526",0,1
"527",1,1
"528",0,1
"529",1,1
"530",1,1
"531",1,1
"532",1,1
"533",1,1
"534",1,1
"535",0,0
"536",1,1
"537",0,0
"538",1,1
"539",0,0
"540",0,1
"541",0,1
"542",1,1
"543",0,1
"544",1,1
"545",0,1
"546",1,1
"547",0,0
"548",1,1
"549",0,0
"550",1,1
"551",0,0
"552",0,1
"553",0,1
"554",1,1
"555",0,1
"556",0,0
"557",1,1
"558",0,1
"559",1,1
"560",0,1
"561",0,1
"562",1,1
"563",0,0
"564",0,1
"565",0,1
"566",1,1
"567",1,0
"568",0,1
"569",1,1
"570",0,1
"571",0,0
"572",0,1
"573",0,0
"574",1,1
"575",0,0
"576",0,1
"577",0,0
"578",0,1
"579",0,1
"580",1,1
"581",1,1
"582",0,0
"583",1,1
"584",0,0
"585",0,0
"586",0,1
"587",0,1
"588",0,1
"589",0,1
"590",0,0
"591",0,0
"592",0,1
"593",1,1
"594",0,0
"595",1,1
"596",1,1
"597",0,0
"598",1,1
"599",1,1
"600",1,1
"601",1,1
"602",1,0
"603",0,1
"604",1,1
"605",1,0
"606",0,1
"607",1,1
"608",0,1
"609",0,1
"610",1,1
"611",1,1
"612",1,1
"613",0,1
"614",1,1
"615",1,1
"616",0,1
"617",1,1
"618",0,1
"619",1,1
"620",0,0
"621",0,0
"622",0,1
"623",1,1
"624",0,0
"625",1,1
"626",0,0
"627",0,1
"628",0,1
"629",0,1
"630",0,1
"631",1,1
"632",0,1
"633",1,1
"634",1,1
"635",0,1
"636",1,1
"637",0,1
"638",1,1
"639",1,1
"640",0,1
"641",0,0
"642",1,1
"643",0,1
"644",0,1
"645",0,0
"646",1,1
"647",1,1
"648",1,1
"649",1,1
"650",0,1
"651",1,1
"652",1,1
"653",1,1
"654",1,1
"655",1,1
"656",1,1
"657",0,0
"658",0,0
"659",0,0
"660",0,0
"661",1,1
"662",0,0
"663",0,1
"664",1,1
"665",1,1
"666",0,0
"667",0,0
"668",1,1
"669",0,0
"670",0,1
"671",1,0
"672",1,1
"673",0,0
"674",1,1
"675",0,1
"676",0,1
"677",1,1
"678",1,1
"679",1,1
"680",0,1
"681",0,0
"682",0,1
"683",1,1
"684",1,1
"685",0,0
"686",0,1
"687",1,1
"688",0,0
"689",1,1
"690",1,1
"691",0,0
"692",1,1
"693",0,0
"694",1,1
"695",1,1
"696",0,0
"697",0,0
"698",1,1
"699",0,1
"700",0,1
"701",1,0
"702",0,0
"703",0,1
"704",1,1
"705",1,1
"706",0,1
"707",1,1
"708",0,0
"709",1,1
"710",0,0
"711",1,1
"712",1,1
"713",1,1
"714",0,1
"715",1,1
"716",0,0
"717",0,1
"718",1,1
"719",0,0
"720",1,1
"721",0,1
"722",0,1
"723",1,1
"724",0,0
"725",1,1
"726",1,1
"727",0,0
"728",0,1
"729",1,1
"730",1,0
"731",1,1
"732",0,1
"733",1,1
"734",1,1
"735",0,0
"736",1,1
"737",0,1
"738",1,1
"739",0,1
"740",0,1
"741",0,1
"742",1,1
"743",1,1
"744",0,0
"745",0,1
"746",0,0
"747",0,1
"748",1,1
"749",0,0
"750",0,1
"751",1,1
"752",0,1
"753",1,0
"754",0,1
"755",1,0
"756",1,1
"757",1,1
"758",1,1
"759",0,0
"760",1,1
"761",1,1
"762",0,0
"763",1,1
"764",1,0
"765",1,1
"766",0,0
"767",0,1
"768",0,0
"769",0,0
"770",0,1
"771",1,1
"772",0,1
"773",0,0
"774",1,1
"775",1,1
"776",1,0
"777",0,0
"778",0,1
"779",0,1
"780",1,1
"781",1,1
"782",1,1
"783",1,1
"784",0,0
"785",1,1
"786",0,0
"787",0,0
"788",1,1
"789",1,1
"790",1,1
"791",0,1
"792",0,1
"793",1,1
"794",1,1
"795",0,0
"796",0,1
"797",1,1
"798",1,0
"799",0,1
"800",1,1
"801",1,1
"802",0,1
"803",1,1
"804",1,1
"805",0,1
"806",0,0
"807",0,1
"808",0,1
"809",1,1
"810",1,1
"811",0,0
"812",0,1
"813",1,1
"814",1,1
"815",0,0
"816",1,0
"817",0,0
"818",0,0
"819",1,1
"820",1,1
"821",0,0
"822",1,1
"823",1,1
"824",1,1
"825",1,1
"826",1,1
"827",1,1
"828",1,1
"829",1,1
"830",0,0
"831",1,1
"832",1,0
"833",0,1
"834",0,1
"835",1,1
"836",0,1
"837",0,0
"838",0,1
"839",1,1
"840",0,1
"841",0,0
"842",1,1
"843",0,1
"844",1,0
"845",1,1
"846",1,1
"847",1,1
"848",1,1
"849",0,0
"850",1,1
"851",1,1
"852",0,1
"853",0,0
"854",1,1
"855",1,1
"856",0,0
"857",1,1
"858",0,0
"859",1,1
"860",0,0
"861",0,1
"862",1,1
"863",0,0
"864",1,1
"865",1,1
"866",0,1
"867",1,1
"868",1,1
"869",1,1
"870",0,0
"871",0,0
"872",0,0
"873",0,0
"874",0,1
"875",1,1
"876",1,1
"877",0,1
"878",1,1
"879",1,0
"880",1,1
"881",1,1
"882",0,0
"883",1,1
"884",0,0
"885",0,0
"886",0,1
"887",1,1
"888",0,1
"889",0,0
"890",1,0
"891",0,1
"892",1,1
"893",0,1
"894",0,1
"895",0,0
"896",1,1
"897",1,1
"898",1,1
"899",1,1
"900",1,1
"901",0,1
"902",0,0
"903",1,1
"904",0,1
"905",1,1
"906",1,1
"907",0,0
"908",1,1
"909",0,0
"910",0,0
"911",1,1
"912",0,1
"913",0,1
"914",1,1
"915",1,1
"916",1,1
"917",0,0
"918",0,0
"919",1,0
"920",0,1
"921",0,0
"922",0,1
"923",0,1
"924",1,1
"925",0,1
"926",0,1
"927",1,1
"928",1,1
"929",0,1
"930",1,1
"931",0,0
"932",1,1
"933",1,1
"934",1,1
"935",1,1
"936",1,1
"937",1,1
"938",0,0
"939",1,1
"940",0,0
"941",0,1
"942",1,1
"943",0,1
"944",1,1
"945",0,0
"946",1,1
"947",0,0
"948",0,0
"949",0,1
"950",0,0
"951",0,1
"952",0,1
"953",1,1
"954",1,0
"955",1,1
"956",1,1
"957",1,1
"958",1,1
"959",1,1
"960",0,1
"961",1,1
"962",0,0
"963",0,0
"964",1,1
"965",1,1
"966",0,0
"967",1,1
"968",1,1
"969",0,1
"970",1,1
"971",0,1
"972",1,1
"973",0,1
"974",0,1
"975",1,1
"976",1,0
"977",0,0
"978",1,1
"979",1,1
"980",0,1
"981",0,0
"982",0,1
"983",1,1
"984",1,1
"985",1,1
"986",0,0
"987",0,0
"988",0,0
"989",1,1
"990",0,0
"991",0,1
"992",1,1
"993",1,1
"994",1,1
"995",0,0
"996",0,0
"997",0,0
"998",0,0
"999",1,1
"1000",0,1
"1001",1,1
"1002",0,0
"1003",0,0
"1004",1,1
"1005",1,1
"1006",1,0
"1007",1,1
"1008",1,1
"1009",0,1
"1010",1,0
"1011",1,1
"1012",1,0
"1013",0,0
"1014",1,1
"1015",0,0
"1016",0,0
"1017",0,1
"1018",0,1
"1019",0,0
"1020",0,1
"1021",0,1
"1022",0,1
"1023",1,1
"1024",0,1
"1025",0,0
"1026",1,1
"1027",0,0
"1028",1,1
"1029",1,1
"1030",1,1
"1031",0,1
"1032",0,0
"1033",0,1
"1034",1,1
"1035",0,1
"1036",0,0
"1037",1,1
"1038",1,1
"1039",1,1
"1040",1,1
"1041",0,0
"1042",0,0
"1043",1,0
"1044",1,1
"1045",0,1
"1046",0,0
"1047",0,0
"1048",1,1
"1049",1,1
"1050",0,0
"1051",1,1
"1052",0,0
"1053",1,1
"1054",0,0
"1055",1,1
"1056",1,1
"1057",0,0
"1058",1,1
"1059",1,1
"1060",0,1
"1061",1,1
"1062",0,0
"1063",0,1
"1064",0,1
"1065",1,1
"1066",1,1
"1067",1,1
"1068",1,1
"1069",0,1
"1070",1,0
"1071",0,0
"1072",1,1
"1073",0,0
"1074",1,1
"1075",1,1
"1076",0,0
"1077",0,1
"1078",1,1
"1079",1,1
"1080",0,1
"1081",0,0
"1082",0,1
"1083",0,1
"1084",1,1
"1085",0,1
"1086",1,1
"1087",0,1
"1088",1,1
"1089",1,1
"1090",0,0
"1091",1,1
"1092",1,1
"1093",1,1
"1094",1,1
"1095",1,1
"1096",1,1
"1097",0,0
"1098",0,1
"1099",1,1
"1100",0,0
"1101",0,1
"1102",1,1
"1103",0,1
"1104",1,1
"1105",0,0
"1106",1,0
"1107",0,1
"1108",1,1
"1109",1,0
"1110",1,1
"1111",0,0
"1112",1,1
"1113",0,0
"1114",1,1
"1115",0,1
"1116",0,1
"1117",0,1
"1118",0,1
"1119",1,1
"1120",0,1
"1121",1,1
"1122",1,1
"1123",1,1
"1124",0,0
"1125",1,1
"1126",1,1
"1127",0,0
"1128",0,0
"1129",0,0
"1130",1,1
"1131",1,1
"1132",0,0
"1133",1,1
"1134",0,0
"1135",0,1
"1136",0,0
"1137",1,1
"1138",1,1
"1139",1,1
"1140",0,0
"1141",0,0
"1142",0,0
"1143",1,1
"1144",0,1
"1145",1,1
"1146",0,0
"1147",1,1
"1148",1,1
"1149",1,1
"1150",1,1
"1151",0,1
"1152",1,1
"1153",1,0
"1154",0,0
"1155",1,1
"1156",1,1
"1157",0,0
"1158",0,1
"1159",1,1
"1160",1,1
"1161",1,1
"1162",0,0
"1163",0,0
"1164",1,1
"1165",0,1
"1166",1,1
"1167",1,1
"1168",0,1
"1169",0,1
"1170",0,0
"1171",1,1
"1172",1,1
"1173",1,1
"1174",0,0
"1175",0,1
"1176",1,1
"1177",1,1
"1178",0,0
"1179",1,1
"1180",0,1
"1181",1,1
"1182",0,1
"1183",0,1
"1184",0,1
"1185",0,1
"1186",1,1
"1187",0,0
"1188",1,1
"1189",0,1
"1190",0,0
"1191",1,1
"1192",1,1
"1193",0,0
"1194",0,0
"1195",0,1
"1196",0,1
"1197",1,1
"1198",0,0
"1199",1,1
"1200",1,0
"1201",1,1
"1202",0,0
"1203",1,1
"1204",1,1
"1205",0,1
"1206",0,1
"1207",1,1
"1208",1,1
"1209",1,1
"1210",0,1
"1211",1,1
"1212",1,1
"1213",0,0
"1214",0,1
"1215",0,1
"1216",1,1
"1217",1,1
"1218",1,1
"1219",1,1
"1220",0,1
"1221",0,1
"1222",0,0
"1223",1,1
"1224",0,1
"1225",1,1
"1226",0,1
"1227",0,0
"1228",0,1
"1229",1,1
"1230",1,1
"1231",0,0
"1232",0,1
"1233",0,1
"1234",0,1
"1235",0,1
"1236",0,1
"1237",0,1
"1238",0,0
"1239",0,1
"1240",0,0
"1241",0,1
"1242",0,0
"1243",1,1
"1244",0,1
"1245",1,1
"1246",1,1
"1247",0,1
"1248",1,1
"1249",1,1
"1250",0,1
"1251",0,1
"1252",1,1
"1253",0,1
"1254",0,0
"1255",1,1
"1256",1,1
"1257",1,1
"1258",0,1
"1259",1,1
"1260",0,0
"1261",1,1
"1262",0,1
"1263",0,0
"1264",1,1
"1265",0,1
"1266",1,1
"1267",0,1
"1268",1,1
"1269",1,1
"1270",0,0
"1271",1,1
"1272",1,1
"1273",1,1
"1274",0,0
"1275",1,1
"1276",1,1
"1277",1,1
"1278",1,1
"1279",1,1
"1280",0,0
"1281",0,0
"1282",0,1
"1283",1,1
"1284",0,1
"1285",1,1
"1286",0,0
"1287",1,0
"1288",0,1
"1289",1,0
"1290",0,0
"1291",0,0
"1292",1,1
"1293",0,1
"1294",1,1
"1295",0,1
"1296",1,1
"1297",1,1
"1298",1,1
"1299",1,0
"1300",0,1
"1301",0,0
"1302",0,1
"1303",1,1
"1304",0,1
"1305",0,1
"1306",0,0
"1307",1,1
"1308",1,1
"1309",1,1
"1310",0,0
"1311",0,1
"1312",0,1
"1313",1,1
"1314",1,1
"1315",0,0
"1316",1,1
"1317",1,1
"1318",0,1
"1319",1,1
"1320",0,1
"1321",0,1
"1322",0,1
"1323",0,1
"1324",0,0
"1325",0,0
"1326",1,1
"1327",1,1
"1328",0,0
"1329",1,1
"1330",0,0
"1331",1,0
"1332",1,1
"1333",0,1
"1334",0,0
"1335",0,1
"1336",1,1
"1337",0,0
"1338",0,1
"1339",1,1
"1340",0,1
"1341",0,0
"1342",1,1
"1343",1,1
"1344",0,0
"1345",0,1
"1346",1,1
"1347",1,1
"1348",1,1
"1349",1,1
"1350",0,1
"1351",0,1
"1352",0,0
"1353",1,1
"1354",0,0
"1355",0,0
"1356",1,1
"1357",0,1
"1358",1,0
"1359",1,1
"1360",0,0
"1361",0,0
"1362",1,1
"1363",1,1
"1364",0,1
"1365",1,1
"1366",1,0
"1367",1,1
"1368",1,1
"1369",1,1
"1370",1,0
"1371",0,0
"1372",0,1
"1373",1,1
"1374",1,1
"1375",0,1
"1376",0,1
"1377",1,1
"1378",1,1
"1379",1,1
"1380",0,1
"1381",0,1
"1382",0,1
"1383",0,1
"1384",1,0
"1385",1,1
"1386",1,1
"1387",0,1
"1388",1,1
"1389",0,1
"1390",1,1
"1391",0,1
"1392",0,1
"1393",0,0
"1394",1,1
"1395",1,1
"1396",1,1
"1397",1,1
"1398",0,1
"1399",1,1
"1400",1,1
"1401",0,0
"1402",0,0
"1403",0,1
"1404",0,0
"1405",0,0
"1406",0,0
"1407",0,1
"1408",1,1
"1409",1,1
"1410",0,1
"1411",0,1
"1412",1,1
"1413",1,1
"1414",0,1
"1415",0,0
"1416",0,0
"1417",1,1
"1418",0,1
"1419",0,0
"1420",1,0
"1421",1,0
"1422",0,1
"1423",0,1
"1424",0,0
"1425",1,1
"1426",1,0
"1427",0,0
"1428",1,0
"1429",1,1
"1430",1,1
"1431",1,1
"1432",0,1
"1433",0,0
"1434",0,1
"1435",0,1
"1436",1,1
"1437",1,1
"1438",0,1
"1439",0,0
"1440",0,0
"1441",1,0
"1442",0,1
"1443",1,1
"1444",1,1
"1445",0,0
"1446",0,0
"1447",0,1
"1448",0,0
"1449",0,0
"1450",1,1
"1451",1,1
"1452",1,1
"1453",1,1
"1454",0,0
"1455",0,1
"1456",1,1
"1457",0,0
"1458",0,0
"1459",0,0
"1460",0,1
"1461",0,1
"1462",0,1
"1463",0,1
"1464",0,1
"1465",1,1
"1466",0,1
"1467",0,0
"1468",0,1
"1469",1,1
"1470",0,0
"1471",1,1
"1472",0,1
"1473",0,1
"1474",1,1
"1475",0,1
"1476",1,1
"1477",1,1
"1478",1,1
"1479",1,1
"1480",1,1
"1481",1,1
"1482",0,0
"1483",1,1
"1484",0,0
"1485",1,1
"1486",0,0
"1487",0,1
"1488",0,1
"1489",1,1
"1490",0,1
"1491",1,1
"1492",0,1
"1493",1,1
"1494",0,0
"1495",1,1
"1496",0,0
"1497",1,1
"1498",0,0
"1499",0,1
"1500",0,1
"1501",1,1
"1502",0,1
"1503",0,0
"1504",1,1
"1505",0,1
"1506",1,1
"1507",0,1
"1508",0,1
"1509",1,1
"1510",0,0
"1511",0,1
"1512",0,1
"1513",1,1
"1514",1,0
"1515",0,1
"1516",1,1
"1517",0,1
"1518",0,0
"1519",0,1
"1520",0,0
"1521",1,1
"1522",0,0
"1523",0,1
"1524",0,0
"1525",0,1
"1526",0,1
"1527",1,1
"1528",1,1
"1529",0,0
"1530",1,1
"1531",0,0
"1532",0,0
"1533",0,1
"1534",0,1
"1535",0,1
"1536",0,1
"1537",0,0
"1538",0,0
"1539",0,1
"1540",1,1
"1541",0,0
"1542",1,1
"1543",1,1
"1544",0,0
"1545",1,1
"1546",1,1
"1547",1,1
"1548",1,1
"1549",1,0
"1550",0,1
"1551",1,1
"1552",1,0
"1553",0,1
"1554",1,1
"1555",0,1
"1556",0,1
"1557",1,1
"1558",1,1
"1559",1,1
"1560",0,1
"1561",1,1
"1562",1,1
"1563",0,1
"1564",1,1
"1565",0,1
"1566",1,1
"1567",0,0
"1568",0,0
"1569",0,1
"1570",1,1
"1571",0,0
"1572",1,1
"1573",0,0
"1574",0,1
"1575",0,1
"1576",0,1
"1577",0,1
"1578",1,1
"1579",0,1
"1580",1,1
"1581",1,1
"1582",0,1
"1583",1,1
"1584",0,1
"1585",1,1
"1586",1,1
"1587",0,1
"1588",0,0
"1589",1,1
"1590",0,1
"1591",0,1
"1592",0,0
"1593",1,1
"1594",1,1
"1595",1,1
"1596",1,1
"1597",0,1
"1598",1,1
"1599",1,1
"1600",1,1
"1601",1,1
"1602",1,1
"1603",1,1
"1604",0,0
"1605",0,0
"1606",0,0
"1607",0,0
"1608",1,1
"1609",0,0
"1610",0,1
"1611",1,1
"1612",1,1
"1613",0,0
"1614",0,0
"1615",1,1
"1616",0,0
"1617",0,1
"1618",1,0
"1619",1,1
"1620",0,0
"1621",1,1
"1622",0,1
"1623",0,1
"1624",1,1
"1625",1,1
"1626",1,1
"1627",0,1
"1628",0,0
"1629",0,1
"1630",1,1
"1631",1,1
"1632",0,0
"1633",0,1
"1634",1,1
"1635",0,0
"1636",1,1
"1637",1,1
"1638",0,0
"1639",1,1
"1640",0,0
"1641",1,1
"1642",1,1
"1643",0,0
"1644",0,0
"1645",1,1
"1646",0,1
"1647",0,1
"1648",1,0
"1649",0,0
"1650",0,1
"1651",1,1
"1652",1,1
"1653",0,1
"1654",1,1
"1655",0,0
"1656",1,1
"1657",0,0
"1658",1,1
"1659",1,1
"1660",1,1
"1661",0,1
"1662",1,1
"1663",0,0
"1664",0,1
"1665",1,1
"1666",0,0
"1667",1,1
"1668",0,1
"1669",0,1
"1670",1,1
"1671",0,0
"1672",1,1
"1673",1,1
"1674",0,0
"1675",0,1
"1676",1,1
"1677",1,0
"1678",1,1
"1679",0,1
"1680",1,1
"1681",1,1
"1682",0,0
"1683",1,1
"1684",0,1
"1685",1,1
"1686",0,1
"1687",0,1
"1688",0,1
"1689",1,1
"1690",1,1
"1691",0,0
"1692",0,1
"1693",0,0
"1694",0,1
"1695",1,1
"1696",0,0
"1697",0,1
"1698",1,1
"1699",0,1
"1700",1,0
"1701",0,1
"1702",1,0
"1703",1,1
"1704",1,1
"1705",1,1
"1706",0,0
"1707",1,1
"1708",1,1
"1709",0,0
"1710",1,1
"1711",1,0
"1712",1,1
"1713",0,0
"1714",0,1
"1715",0,0
"1716",0,0
"1717",0,1
"1718",1,1
"1719",0,1
"1720",0,0
"1721",1,1
"1722",1,1
"1723",1,0
"1724",0,0
"1725",0,1
"1726",0,1
"1727",1,1
"1728",1,1
"1729",1,1
"1730",1,1
"1731",0,0
"1732",1,1
"1733",0,0
"1734",0,0
"1735",1,1
"1736",1,1
"1737",1,1
"1738",0,1
"1739",0,1
"1740",1,1
"1741",1,1
"1742",0,0
"1743",0,1
"1744",1,1
"1745",1,0
"1746",0,1
"1747",1,1
"1748",1,1
"1749",0,1
"1750",1,1
"1751",1,1
"1752",0,1
"1753",0,0
"1754",0,1
"1755",0,1
"1756",1,1
"1757",1,1
"1758",0,0
"1759",0,1
"1760",1,1
"1761",1,1
"1762",0,0
"1763",1,0
"1764",0,0
"1765",0,0
"1766",1,1
"1767",1,1
"1768",0,0
"1769",1,1
"1770",1,1
"1771",1,1
"1772",1,1
"1773",1,1
"1774",1,1
"1775",1,1
"1776",1,1
"1777",0,0
"1778",1,1
"1779",1,0
"1780",0,1
"1781",0,1
"1782",1,1
"1783",0,1
"1784",0,0
"1785",0,1
"1786",1,1
"1787",0,1
"1788",0,0
"1789",1,1
"1790",0,1
"1791",1,0
"1792",1,1
"1793",1,1
"1794",1,1
"1795",1,1
"1796",0,0
"1797",1,1
"1798",1,1
"1799",0,1
"1800",0,0
"1801",1,1
"1802",1,1
"1803",0,0
"1804",1,1
"1805",0,0
"1806",1,1
"1807",0,0
"1808",0,1
"1809",1,1
"1810",0,0
"1811",1,1
"1812",1,1
"1813",0,1
"1814",1,1
"1815",1,1
"1816",1,1
"1817",0,0
"1818",0,0
"1819",0,0
"1820",0,0
"1821",0,1
"1822",1,1
"1823",1,1
"1824",0,1
"1825",1,1
"1826",1,0
"1827",1,1
"1828",1,1
"1829",0,0
"1830",1,1
"1831",0,0
"1832",0,0
"1833",0,1
"1834",1,1
"1835",0,1
"1836",0,0
"1837",1,0
"1838",0,1
"1839",1,1
"1840",0,1
"1841",0,1
"1842",0,0
"1843",1,1
"1844",1,1
"1845",1,1
"1846",1,1
"1847",1,1
"1848",0,1
"1849",0,0
"1850",1,1
"1851",0,1
"1852",1,1
"1853",1,1
"1854",0,0
"1855",1,1
"1856",0,0
"1857",0,0
"1858",1,1
"1859",0,1
"1860",0,1
"1861",1,1
"1862",1,1
"1863",1,1
"1864",0,0
"1865",0,0
"1866",1,0
"1867",0,1
"1868",0,0
"1869",0,1
"1870",0,1
"1871",1,1
"1872",0,1
"1873",0,1
"1874",1,1
"1875",1,1
"1876",0,1
"1877",1,1
"1878",0,0
"1879",1,1
"1880",1,1
"1881",1,1
"1882",1,1
"1883",1,1
"1884",1,1
"1885",0,0
"1886",1,1
"1887",0,0
"1888",0,1
"1889",1,1
"1890",0,1
"1891",1,1
"1892",0,0
"1893",1,1
"1894",0,0
"1895",1,1
"1896",0,0
"1897",0,1
"1898",1,1
"1899",0,1
"1900",0,0
"1901",1,0
"1902",1,1
"1903",1,1
"1904",0,1
"1905",0,1
"1906",0,1
"1907",1,1
"1908",0,0
"1909",0,0
"1910",1,1
"1911",1,1
"1912",0,0
"1913",1,1
"1914",0,1
"1915",1,1
"1916",0,1
"1917",0,0
"1918",1,1
"1919",0,1
"1920",0,0
"1921",1,1
"1922",0,0
"1923",1,1
"1924",0,0
"1925",1,1
"1926",1,1
"1927",0,1
"1928",0,1
"1929",0,0
"1930",0,0
"1931",1,1
"1932",0,0
"1933",1,1
"1934",1,1
"1935",0,1
"1936",0,0
"1937",1,1
"1938",0,1
"1939",1,1
"1940",0,1
"1941",0,1
"1942",1,1
"1943",1,1
"1944",0,1
"1945",0,0
"1946",1,1
"1947",0,0
"1948",1,1
"1949",1,1
"1950",0,1
"1951",0,0
"1952",1,1
"1953",1,1
"1954",1,0
"1955",0,1
"1956",0,1
"1957",0,0
"1958",1,1
"1959",1,0
"1960",0,0
"1961",0,1
"1962",1,1
"1963",1,1
"1964",1,1
"1965",0,0
"1966",1,1
"1967",1,1
"1968",0,1
"1969",0,1
"1970",0,0
"1971",0,1
"1972",1,1
"1973",0,1
"1974",0,1
"1975",0,1
"1976",0,1
"1977",1,0
"1978",1,1
"1979",1,1
"1980",0,0
"1981",0,1
"1982",0,0
"1983",0,0
"1984",1,1
"1985",1,0
"1986",1,1
"1987",0,1
"1988",0,0
"1989",0,0
"1990",0,0
"1991",1,1
"1992",0,1
"1993",0,1
"1994",1,1
"1995",0,1
"1996",0,0
"1997",0,1
"1998",0,1
"1999",1,1
"2000",1,1
"2001",0,1
"2002",0,0
"2003",1,1
"2004",0,1
"2005",1,1
"2006",0,1
"2007",1,1
"2008",0,1
"2009",1,1
"2010",0,0
"2011",0,0
"2012",0,0
"2013",0,0
"2014",0,1
"2015",0,1
"2016",0,0
"2017",1,1
"2018",1,1
"2019",1,1
"2020",1,1
"2021",0,1
"2022",1,1
"2023",1,1
"2024",0,0
"2025",0,0
"2026",0,1
"2027",0,0
"2028",1,1
"2029",1,0
"2030",0,1
"2031",1,1
"2032",0,1
"2033",1,1
"2034",0,0
"2035",1,1
"2036",1,1
"2037",1,1
"2038",1,1
"2039",0,1
"2040",1,1
"2041",0,0
"2042",1,1
"2043",1,1
"2044",1,1
"2045",1,1
"2046",0,0
"2047",1,1
"2048",0,0
"2049",0,1
"2050",1,1
"2051",0,0
"2052",0,0
"2053",1,1
"2054",1,1
"2055",1,1
"2056",1,1
"2057",1,1
"2058",0,0
"2059",0,1
"2060",0,0
"2061",0,1
"2062",1,1
"2063",0,1
"2064",1,1
"2065",0,1
"2066",1,1
"2067",0,1
"2068",1,1
"2069",1,1
"2070",1,0
"2071",1,1
"2072",1,1
"2073",0,1
"2074",1,0
"2075",1,1
"2076",0,1
"2077",1,1
"2078",0,0
"2079",1,1
"2080",0,0
"2081",1,1
"2082",0,1
"2083",0,1
"2084",0,0
"2085",1,1
"2086",1,1
"2087",0,1
"2088",0,0
"2089",1,1
"2090",0,1
"2091",0,0
"2092",1,1
"2093",1,0
"2094",1,1
"2095",0,1
"2096",0,0
"2097",0,0
"2098",0,1
"2099",0,0
"2100",0,0
"2101",0,0
"2102",0,0
"2103",0,0
"2104",1,0
"2105",1,1
"2106",1,1
"2107",0,0
"2108",1,1
"2109",0,1
"2110",1,1
"2111",0,0
"2112",1,1
"2113",1,1
"2114",0,1
"2115",0,0
"2116",0,0
"2117",0,0
"2118",0,0
"2119",1,1
"2120",0,0
"2121",1,1
"2122",0,1
"2123",0,0
"2124",0,1
"2125",0,0
"2126",0,1
"2127",1,1
"2128",1,1
"2129",0,1
"2130",0,0
"2131",0,0
"2132",0,1
"2133",1,1
"2134",0,0
"2135",0,0
"2136",0,0
"2137",0,0
"2138",0,0
"2139",1,1
"2140",0,0
"2141",1,1
"2142",1,1
"2143",0,1
"2144",1,1
"2145",1,1
"2146",0,1
"2147",0,1
"2148",0,1
"2149",1,1
"2150",1,1
"2151",1,1
"2152",0,0
"2153",1,1
"2154",1,1
"2155",1,1
"2156",1,0
"2157",0,1
"2158",1,1
"2159",0,0
"2160",0,0
"2161",1,0
"2162",1,1
"2163",1,1
"2164",1,1
"2165",0,0
"2166",1,1
"2167",1,1
"2168",1,1
"2169",1,1
"2170",0,0
"2171",0,1
"2172",0,0
"2173",0,1
"2174",0,1
"2175",1,1
"2176",1,1
"2177",0,1
"2178",1,1
"2179",0,1
"2180",0,0
"2181",0,0
"2182",0,1
"2183",0,0
"2184",0,1
"2185",0,0
"2186",0,0
"2187",1,1
"2188",1,1
"2189",1,1
"2190",0,1
"2191",0,1
"2192",1,1
"2193",0,1
"2194",1,1
"2195",0,1
"2196",0,0
"2197",0,0
"2198",0,1
"2199",1,1
"2200",0,0
"2201",0,1
"2202",1,1
"2203",0,0
"2204",1,1
"2205",0,0
"2206",1,1
"2207",1,1
"2208",1,1
"2209",0,0
"2210",1,1
"2211",1,1
"2212",0,0
"2213",0,0
"2214",0,1
"2215",0,0
"2216",1,1
"2217",1,1
"2218",0,0
"2219",1,1
"2220",0,1
"2221",1,1
"2222",1,1
"2223",1,1
"2224",0,1
"2225",0,0
"2226",1,1
"2227",0,0
"2228",0,1
"2229",0,1
"2230",0,1
"2231",1,1
"2232",1,1
"2233",0,1
"2234",0,0
"2235",0,0
"2236",0,0
"2237",0,0
"2238",1,1
"2239",0,0
"2240",1,1
"2241",1,1
"2242",0,0
"2243",1,0
"2244",0,0
"2245",0,1
"2246",0,0
"2247",0,0
"2248",1,1
"2249",1,1
"2250",1,1
"2251",1,1
"2252",0,0
"2253",1,1
"2254",0,0
"2255",0,1
"2256",1,1
"2257",0,0
"2258",0,0
"2259",0,1
"2260",1,1
"2261",1,1
"2262",1,1
"2263",0,0
"2264",0,1
"2265",1,1
"2266",0,1
"2267",1,1
"2268",0,0
"2269",0,0
"2270",0,0
"2271",0,0
"2272",0,0
"2273",0,0
"2274",0,0
"2275",0,0
"2276",0,0
"2277",1,1
"2278",1,0
"2279",0,0
"2280",0,0
"2281",0,1
"2282",0,0
"2283",0,0
"2284",0,1
"2285",1,1
"2286",1,1
"2287",0,1
"2288",0,1
"2289",1,1
"2290",0,1
"2291",0,0
"2292",1,1
"2293",1,1
"2294",0,0
"2295",0,0
"2296",0,0
"2297",0,0
"2298",0,0
"2299",0,1
"2300",0,0
"2301",1,1
"2302",0,1
"2303",0,0
"2304",0,0
"2305",1,1
"2306",1,1
"2307",1,1
"2308",1,1
"2309",1,1
"2310",1,1
"2311",1,1
"2312",0,0
"2313",0,1
"2314",1,1
"2315",0,0
"2316",1,1
"2317",1,1
"2318",0,1
"2319",0,1
"2320",0,1
"2321",0,0
"2322",0,1
"2323",0,0
"2324",0,0
"2325",1,1
"2326",0,0
"2327",0,1
"2328",0,0
"2329",0,0
"2330",0,0
"2331",0,1
"2332",0,1
"2333",0,0
"2334",0,0
"2335",1,1
"2336",0,1
"2337",1,1
"2338",1,1
"2339",0,1
"2340",1,1
"2341",0,1
"2342",1,1
"2343",1,1
"2344",0,1
"2345",1,1
"2346",1,1
"2347",1,1
"2348",0,0
"2349",0,1
"2350",0,0
"2351",1,1
"2352",0,0
"2353",0,1
"2354",0,0
"2355",1,1
"2356",0,1
"2357",1,1
"2358",0,1
"2359",1,1
"2360",1,1
"2361",0,1
"2362",0,1
"2363",0,1
"2364",0,1
"2365",0,1
"2366",0,0
"2367",1,1
"2368",1,1
"2369",0,1
"2370",1,1
"2371",0,0
"2372",0,1
"2373",0,1
"2374",1,1
"2375",0,1
"2376",0,1
"2377",0,1
"2378",1,1
"2379",1,1
"2380",0,1
"2381",1,1
"2382",0,0
"2383",0,1
"2384",1,1
"2385",1,1
"2386",0,0
"2387",1,1
"2388",0,0
"2389",0,0
"2390",1,0
"2391",0,0
"2392",1,0
"2393",1,1
"2394",1,1
"2395",1,0
"2396",1,1
"2397",0,0
"2398",0,0
"2399",1,1
"2400",0,1
"2401",0,1
"2402",0,0
"2403",0,1
"2404",0,1
"2405",1,1
"2406",0,0
"2407",1,1
"2408",0,0
"2409",0,1
"2410",0,0
"2411",1,1
"2412",0,0
"2413",0,1
"2414",0,1
"2415",0,0
"2416",1,1
"2417",1,1
"2418",0,1
"2419",1,1
"2420",0,0
"2421",1,1
"2422",1,1
"2423",0,0
"2424",0,1
"2425",0,1
"2426",1,1
"2427",0,0
"2428",1,1
"2429",0,0
"2430",0,0
"2431",0,1
"2432",0,0
"2433",1,1
"2434",0,1
"2435",0,1
"2436",1,1
"2437",0,1
"2438",0,0
"2439",0,0
"2440",1,1
"2441",0,0
"2442",1,1
"2443",1,1
"2444",1,1
"2445",1,1
"2446",0,1
"2447",1,1
"2448",1,1
"2449",1,0
"2450",1,1
"2451",1,1
"2452",1,1
"2453",0,0
"2454",0,1
"2455",0,0
"2456",0,0
"2457",0,1
"2458",0,1
"2459",0,0
"2460",0,0
"2461",0,1
"2462",0,1
"2463",1,1
"2464",0,1
"2465",0,0
"2466",0,1
"2467",0,0
"2468",0,1
"2469",1,1
"2470",1,1
"2471",1,1
"2472",1,1
"2473",1,1
"2474",0,0
"2475",0,0
"2476",0,1
"2477",0,1
"2478",1,1
"2479",0,0
"2480",0,1
"2481",0,0
"2482",1,1
"2483",0,1
"2484",0,1
"2485",0,1
"2486",0,1
"2487",1,1
"2488",0,0
"2489",1,1
"2490",1,1
"2491",0,0
"2492",0,0
"2493",0,1
"2494",0,1
"2495",0,1
"2496",0,0
"2497",1,1
"2498",0,1
"2499",1,1
"2500",1,1
"2501",0,1
"2502",0,0
"2503",1,1
"2504",1,1
"2505",0,0
"2506",0,0
"2507",0,0
"2508",1,1
"2509",0,0
"2510",0,0
"2511",1,1
"2512",0,0
"2513",1,1
"2514",0,1
"2515",1,1
"2516",0,1
"2517",1,1
"2518",0,1
"2519",0,0
"2520",0,1
"2521",1,1
"2522",1,1
"2523",0,0
"2524",0,1
"2525",0,1
"2526",0,1
"2527",1,1
"2528",0,1
"2529",0,0
"2530",1,1
"2531",1,1
"2532",1,1
"2533",0,1
"2534",0,1
"2535",0,0
"2536",1,1
"2537",1,1
"2538",1,1
"2539",0,0
"2540",1,1
"2541",0,1
"2542",0,0
"2543",0,0
"2544",0,0
"2545",0,1
"2546",1,1
"2547",0,1
"2548",0,1
"2549",0,0
"2550",1,1
"2551",0,1
"2552",1,1
"2553",0,1
"2554",1,1
"2555",0,0
"2556",0,0
"2557",1,1
"2558",1,1
"2559",0,0
"2560",1,1
"2561",0,1
"2562",1,1
"2563",1,1
"2564",0,0
"2565",0,0
"2566",0,0
"2567",0,1
"2568",0,1
"2569",1,1
"2570",1,1
"2571",0,0
"2572",0,1
"2573",0,1
"2574",0,1
"2575",0,0
"2576",0,1
"2577",1,1
"2578",1,1
"2579",1,0
"2580",0,0
"2581",1,1
"2582",1,1
"2583",1,1
"2584",0,0
"2585",0,1
"2586",0,0
"2587",1,1
"2588",0,0
"2589",1,1
"2590",0,1
"2591",0,0
"2592",1,1
"2593",1,1
"2594",0,0
"2595",0,1
"2596",0,0
"2597",0,1
"2598",0,0
"2599",0,0
"2600",1,1
"2601",1,1
"2602",1,1
"2603",1,0
"2604",0,1
"2605",0,0
"2606",1,1
"2607",0,0
"2608",1,1
"2609",0,0
"2610",0,0
"2611",0,1
"2612",1,1
"2613",1,1
"2614",0,1
"2615",1,0
"2616",0,0
"2617",1,0
"2618",1,1
"2619",1,1
"2620",0,0
"2621",1,1
"2622",0,0
"2623",0,0
"2624",0,0
"2625",0,0
"2626",0,0
"2627",0,1
"2628",0,0
"2629",0,1
"2630",1,1
"2631",1,1
"2632",1,1
"2633",0,1
"2634",0,0
"2635",1,1
"2636",1,1
"2637",0,0
"2638",0,0
"2639",0,0
"2640",1,1
"2641",0,1
"2642",0,1
"2643",0,1
"2644",0,0
"2645",1,1
"2646",1,1
"2647",0,0
"2648",0,0
"2649",0,1
"2650",1,1
"2651",0,0
"2652",0,1
"2653",0,0
"2654",0,0
"2655",1,1
"2656",0,0
"2657",0,1
"2658",0,1
"2659",1,0
"2660",0,1
"2661",1,0
"2662",0,1
"2663",1,1
"2664",0,0
"2665",0,1
"2666",1,1
"2667",0,0
"2668",1,1
"2669",1,1
"2670",1,1
"2671",0,1
"2672",1,1
"2673",0,1
"2674",1,0
"2675",0,0
"2676",0,1
"2677",0,1
"2678",0,1
"2679",0,0
"2680",1,1
"2681",1,1
"2682",0,0
"2683",0,1
"2684",0,1
"2685",1,1
"2686",1,1
"2687",0,0
"2688",1,1
"2689",1,1
"2690",1,1
"2691",1,1
"2692",0,1
"2693",1,1
"2694",1,0
"2695",0,0
"2696",0,1
"2697",1,1
"2698",0,0
"2699",1,1
"2700",0,1
"2701",0,1
"2702",0,0
"2703",1,1
"2704",1,1
"2705",0,1
"2706",1,1
"2707",1,1
"2708",0,0
"2709",0,0
"2710",0,0
"2711",1,0
"2712",0,1
"2713",0,0
"2714",1,1
"2715",1,1
"2716",0,0
"2717",0,1
"2718",1,1
"2719",1,1
"2720",1,1
"2721",0,1
"2722",1,1
"2723",0,1
"2724",1,1
"2725",1,1
"2726",0,1
"2727",1,1
"2728",0,0
"2729",0,0
"2730",1,0
"2731",0,0
"2732",1,1
"2733",0,0
"2734",1,1
"2735",0,1
"2736",1,1
"2737",1,1
"2738",1,1
"2739",0,1
"2740",1,1
"2741",0,0
"2742",1,1
"2743",0,0
"2744",0,1
"2745",1,0
"2746",1,0
"2747",0,0
"2748",0,0
"2749",1,1
"2750",0,0
"2751",0,0
"2752",0,1
"2753",0,0
"2754",1,1
"2755",0,0
"2756",0,1
"2757",1,1
"2758",1,1
"2759",0,0
"2760",0,0
"2761",0,1
"2762",0,0
"2763",1,1
"2764",0,0
"2765",1,1
"2766",1,1
"2767",0,1
"2768",0,0
"2769",0,0
"2770",1,1
"2771",1,1
"2772",0,0
"2773",0,0
"2774",0,1
"2775",0,0
"2776",0,0
"2777",0,1
"2778",0,1
"2779",0,1
"2780",0,0
"2781",0,0
"2782",1,1
"2783",0,1
"2784",0,0
"2785",1,1
"2786",0,0
"2787",0,1
"2788",1,1
"2789",0,1
"2790",0,0
"2791",1,0
"2792",1,1
"2793",1,1
"2794",0,1
"2795",0,1
"2796",0,1
"2797",1,1
"2798",0,0
"2799",0,0
"2800",1,1
"2801",1,1
"2802",0,0
"2803",1,1
"2804",0,1
"2805",1,1
"2806",0,1
"2807",0,0
"2808",1,1
"2809",0,1
"2810",0,0
"2811",1,1
"2812",0,0
"2813",1,1
"2814",0,0
"2815",1,1
"2816",1,1
"2817",0,1
"2818",0,1
"2819",0,0
"2820",0,0
"2821",1,1
"2822",0,0
"2823",1,1
"2824",1,1
"2825",0,1
"2826",0,0
"2827",1,1
"2828",0,1
"2829",1,1
"2830",0,1
"2831",0,1
"2832",1,1
"2833",1,1
"2834",0,1
"2835",0,0
"2836",1,1
"2837",0,0
"2838",1,1
"2839",1,1
"2840",0,1
"2841",0,0
"2842",1,1
"2843",1,1
"2844",1,0
"2845",0,1
"2846",0,1
"2847",0,0
"2848",1,1
"2849",1,0
"2850",0,0
"2851",0,1
"2852",1,1
"2853",1,1
"2854",1,1
"2855",0,0
"2856",1,1
"2857",1,1
"2858",0,1
"2859",0,1
"2860",0,0
"2861",0,1
"2862",1,1
"2863",0,1
"2864",0,1
"2865",0,1
"2866",0,1
"2867",1,0
"2868",1,1
"2869",1,1
"2870",0,0
"2871",0,1
"2872",0,0
"2873",0,0
"2874",1,1
"2875",1,0
"2876",1,1
"2877",0,1
"2878",0,0
"2879",0,0
"2880",0,0
"2881",1,1
"2882",0,1
"2883",0,1
"2884",1,1
"2885",0,1
"2886",0,0
"2887",0,1
"2888",0,1
"2889",1,1
"2890",1,1
"2891",0,1
"2892",0,0
"2893",1,1
"2894",0,1
"2895",1,1
"2896",0,1
"2897",1,1
"2898",0,1
"2899",1,1
"2900",0,0
"2901",0,0
"2902",0,0
"2903",0,0
"2904",0,1
"2905",0,1
"2906",0,0
"2907",1,1
"2908",1,1
"2909",1,1
"2910",1,1
"2911",0,1
"2912",1,1
"2913",1,1
"2914",0,0
"2915",0,0
"2916",0,1
"2917",0,0
"2918",1,1
"2919",1,0
"2920",0,1
"2921",1,1
"2922",0,1
"2923",1,1
"2924",0,0
"2925",1,1
"2926",1,1
"2927",1,1
"2928",1,1
"2929",0,1
"2930",1,1
"2931",0,0
"2932",1,1
"2933",1,1
"2934",1,1
"2935",1,1
"2936",0,0
"2937",1,1
"2938",0,0
"2939",0,1
"2940",1,1
"2941",0,0
"2942",0,0
"2943",1,1
"2944",1,1
"2945",1,1
"2946",1,1
"2947",1,1
"2948",0,0
"2949",0,1
"2950",0,0
"2951",0,1
"2952",1,1
"2953",0,1
"2954",1,1
"2955",0,1
"2956",1,1
"2957",0,1
"2958",1,1
"2959",1,1
"2960",1,0
"2961",1,1
"2962",1,1
"2963",0,1
"2964",1,0
"2965",1,1
"2966",0,1
"2967",1,1
"2968",0,0
"2969",1,1
"2970",0,0
"2971",1,1
"2972",0,1
"2973",0,1
"2974",0,0
"2975",1,1
"2976",1,1
"2977",0,1
"2978",0,0
"2979",1,1
"2980",0,1
"2981",0,0
"2982",1,1
"2983",1,0
"2984",1,1
"2985",0,1
"2986",0,0
"2987",0,0
"2988",0,1
"2989",0,0
"2990",0,0
"2991",0,0
"2992",0,0
"2993",0,0
"2994",1,0
"2995",1,1
"2996",1,1
"2997",0,0
"2998",1,1
"2999",0,1
"3000",1,1
"3001",0,0
"3002",1,1
"3003",1,1
"3004",0,1
"3005",0,0
"3006",0,0
"3007",0,0
"3008",0,0
"3009",1,1
"3010",0,0
"3011",1,1
"3012",0,1
"3013",0,0
"3014",0,1
"3015",0,0
"3016",0,1
"3017",1,1
"3018",1,1
"3019",0,1
"3020",0,0
"3021",0,0
"3022",0,1
"3023",1,1
"3024",0,0
"3025",0,0
"3026",0,0
"3027",0,0
"3028",0,0
"3029",1,1
"3030",0,0
"3031",1,1
"3032",1,1
"3033",0,1
"3034",1,1
"3035",1,1
"3036",0,1
"3037",0,1
"3038",0,1
"3039",1,1
"3040",1,1
"3041",1,1
"3042",0,0
"3043",1,1
"3044",1,1
"3045",1,1
"3046",1,0
"3047",0,1
"3048",1,1
"3049",0,0
"3050",0,0
"3051",1,0
"3052",1,1
"3053",1,1
"3054",1,1
"3055",0,0
"3056",1,1
"3057",1,1
"3058",1,1
"3059",1,1
"3060",0,0
"3061",0,1
"3062",0,0
"3063",0,1
"3064",0,1
"3065",1,1
"3066",1,1
"3067",0,1
"3068",1,1
"3069",0,1
"3070",0,0
"3071",0,0
"3072",0,1
"3073",0,0
"3074",0,1
"3075",0,0
"3076",0,0
"3077",1,1
"3078",1,1
"3079",1,1
"3080",0,1
"3081",0,1
"3082",1,1
"3083",0,1
"3084",1,1
"3085",0,1
"3086",0,0
"3087",0,0
"3088",0,1
"3089",1,1
"3090",0,0
"3091",0,1
"3092",1,1
"3093",0,0
"3094",1,1
"3095",0,0
"3096",1,1
"3097",1,1
"3098",1,1
"3099",0,0
"3100",1,1
"3101",1,1
"3102",0,0
"3103",0,0
"3104",0,1
"3105",0,0
"3106",1,1
"3107",1,1
"3108",0,0
"3109",1,1
"3110",0,1
"3111",1,1
"3112",1,1
"3113",1,1
"3114",0,1
"3115",0,0
"3116",1,1
"3117",0,0
"3118",0,1
"3119",0,1
"3120",0,1
"3121",1,1
"3122",1,1
"3123",0,1
"3124",0,0
"3125",0,0
"3126",0,0
"3127",0,0
"3128",1,1
"3129",0,0
"3130",1,1
"3131",1,1
"3132",0,0
"3133",1,0
"3134",0,0
"3135",0,1
"3136",0,0
"3137",0,0
"3138",1,1
"3139",1,1
"3140",1,1
"3141",1,1
"3142",0,0
"3143",1,1
"3144",0,0
"3145",0,1
"3146",1,1
"3147",0,0
"3148",0,0
"3149",0,1
"3150",1,1
"3151",1,1
"3152",1,1
"3153",0,0
"3154",0,1
"3155",1,1
"3156",0,1
"3157",1,1
"3158",0,0
"3159",0,0
"3160",0,0
"3161",0,0
"3162",0,0
"3163",0,0
"3164",0,0
"3165",0,0
"3166",0,0
"3167",1,1
"3168",1,0
"3169",0,0
"3170",0,0
"3171",0,1
"3172",0,0
"3173",0,0
"3174",0,1
"3175",1,1
"3176",1,1
"3177",0,1
"3178",0,1
"3179",1,1
"3180",0,1
"3181",0,0
"3182",1,1
"3183",1,1
"3184",0,0
"3185",0,0
"3186",0,0
"3187",0,0
"3188",0,0
"3189",0,1
"3190",0,0
"3191",1,1
"3192",0,1
"3193",0,0
"3194",0,0
"3195",1,1
"3196",1,1
"3197",1,1
"3198",1,1
"3199",1,1
"3200",1,1
"3201",1,1
"3202",0,0
"3203",0,1
"3204",1,1
"3205",0,0
"3206",1,1
"3207",1,1
"3208",0,1
"3209",0,1
"3210",0,1
"3211",0,0
"3212",0,1
"3213",0,0
"3214",0,0
"3215",1,1
"3216",0,0
"3217",0,1
"3218",0,0
"3219",0,0
"3220",0,0
"3221",0,1
"3222",0,1
"3223",0,0
"3224",0,0
"3225",1,1
"3226",0,1
"3227",1,1
"3228",1,1
"3229",0,1
"3230",1,1
"3231",0,1
"3232",1,1
"3233",1,1
"3234",0,1
"3235",1,1
"3236",1,1
"3237",1,1
"3238",0,0
"3239",0,1
"3240",0,0
"3241",1,1
"3242",0,0
"3243",0,1
"3244",0,0
"3245",1,1
"3246",0,1
"3247",1,1
"3248",0,1
"3249",1,1
"3250",1,1
"3251",0,1
"3252",0,1
"3253",0,1
"3254",0,1
"3255",0,1
"3256",0,0
"3257",1,1
"3258",1,1
"3259",0,1
"3260",1,1
"3261",0,0
"3262",0,1
"3263",0,1
"3264",1,1
"3265",0,1
"3266",0,1
"3267",0,1
"3268",1,1
"3269",1,1
"3270",0,1
"3271",1,1
"3272",0,0
"3273",0,1
"3274",1,1
"3275",1,1
"3276",0,0
"3277",1,1
"3278",0,0
"3279",0,0
"3280",1,0
"3281",0,0
"3282",1,0
"3283",1,1
"3284",1,1
"3285",1,0
"3286",1,1
"3287",0,0
"3288",0,0
"3289",1,1
"3290",0,1
"3291",0,1
"3292",0,0
"3293",0,1
"3294",0,1
"3295",1,1
"3296",0,0
"3297",1,1
"3298",0,0
"3299",0,1
"3300",0,0
"3301",1,1
"3302",0,0
"3303",0,1
"3304",0,1
"3305",0,0
"3306",1,1
"3307",1,1
"3308",0,1
"3309",1,1
"3310",0,0
"3311",1,1
"3312",1,1
"3313",0,0
"3314",0,1
"3315",0,1
"3316",1,1
"3317",0,0
"3318",1,1
"3319",0,0
"3320",0,0
"3321",0,1
"3322",0,0
"3323",1,1
"3324",0,1
"3325",0,1
"3326",1,1
"3327",0,1
"3328",0,0
"3329",0,0
"3330",1,1
"3331",0,0
"3332",1,1
"3333",1,1
"3334",1,1
"3335",1,1
"3336",0,1
"3337",1,1
"3338",1,1
"3339",1,0
"3340",1,1
"3341",1,1
"3342",1,1
"3343",0,0
"3344",0,1
"3345",0,0
"3346",0,0
"3347",0,1
"3348",0,1
"3349",0,0
"3350",0,0
"3351",0,1
"3352",0,1
"3353",1,1
"3354",0,1
"3355",0,0
"3356",0,1
"3357",0,0
"3358",0,1
"3359",1,1
"3360",1,1
"3361",1,1
"3362",1,1
"3363",1,1
"3364",0,0
"3365",0,0
"3366",0,1
"3367",0,1
"3368",1,1
"3369",0,0
"3370",0,1
"3371",0,0
"3372",1,1
"3373",0,1
"3374",0,1
"3375",0,1
"3376",0,1
"3377",1,1
"3378",0,0
"3379",1,1
"3380",1,1
"3381",0,0
"3382",0,0
"3383",0,1
"3384",0,1
"3385",0,1
"3386",0,0
"3387",1,1
"3388",0,1
"3389",1,1
"3390",1,1
"3391",0,1
"3392",0,0
"3393",1,1
"3394",1,1
"3395",0,0
"3396",0,0
"3397",0,0
"3398",1,1
"3399",0,0
"3400",0,0
"3401",1,1
"3402",0,0
"3403",1,1
"3404",0,1
"3405",1,1
"3406",0,1
"3407",1,1
"3408",0,1
"3409",0,0
"3410",0,1
"3411",1,1
"3412",1,1
"3413",0,0
"3414",0,1
"3415",0,1
"3416",0,1
"3417",1,1
"3418",0,1
"3419",0,0
"3420",1,1
"3421",1,1
"3422",1,1
"3423",0,1
"3424",0,1
"3425",0,0
"3426",1,1
"3427",1,1
"3428",1,1
"3429",0,0
"3430",1,1
"3431",0,1
"3432",0,0
"3433",0,0
"3434",0,0
"3435",0,1
"3436",1,1
"3437",0,1
"3438",0,1
"3439",0,0
"3440",1,1
"3441",0,1
"3442",1,1
"3443",0,1
"3444",1,1
"3445",0,0
"3446",0,0
"3447",1,1
"3448",1,1
"3449",0,0
"3450",1,1
"3451",0,1
"3452",1,1
"3453",1,1
"3454",0,0
"3455",0,0
"3456",0,0
"3457",0,1
"3458",0,1
"3459",1,1
"3460",1,1
"3461",0,0
"3462",0,1
"3463",0,1
"3464",0,1
"3465",0,0
"3466",0,1
"3467",1,1
"3468",1,1
"3469",1,0
"3470",0,0
"3471",1,1
"3472",1,1
"3473",1,1
"3474",0,0
"3475",0,1
"3476",0,0
"3477",1,1
"3478",0,0
"3479",1,1
"3480",0,1
"3481",0,0
"3482",1,1
"3483",1,1
"3484",0,0
"3485",0,1
"3486",0,0
"3487",0,1
"3488",0,0
"3489",0,0
"3490",1,1
"3491",1,1
"3492",1,1
"3493",1,0
"3494",0,1
"3495",0,0
"3496",1,1
"3497",0,0
"3498",1,1
"3499",0,0
"3500",0,0
"3501",0,1
"3502",1,1
"3503",1,1
"3504",0,1
"3505",1,0
"3506",0,0
"3507",1,0
"3508",1,1
"3509",1,1
"3510",0,0
"3511",1,1
"3512",0,0
"3513",0,0
"3514",0,0
"3515",0,0
"3516",0,0
"3517",0,1
"3518",0,0
"3519",0,1
"3520",1,1
"3521",1,1
"3522",1,1
"3523",0,1
"3524",0,0
"3525",1,1
"3526",1,1
"3527",0,0
"3528",0,0
"3529",0,0
"3530",1,1
"3531",0,1
"3532",0,1
"3533",0,1
"3534",0,0
"3535",1,1
"3536",1,1
"3537",0,0
"3538",0,0
"3539",0,1
"3540",1,1
"3541",0,0
"3542",0,1
"3543",0,0
"3544",0,0
"3545",1,1
"3546",0,0
"3547",0,1
"3548",0,1
"3549",1,0
"3550",0,1
"3551",1,0
"3552",0,1
"3553",1,1
"3554",0,0
"3555",0,1
"3556",1,1
"3557",0,0
"3558",1,1
"3559",1,1
"3560",1,1
"3561",0,1
"3562",1,1
"3563",0,1
"3564",1,0
"3565",0,0
"3566",0,1
"3567",0,1
"3568",0,1
"3569",0,0
"3570",1,1
"3571",1,1
"3572",0,0
"3573",0,1
"3574",0,1
"3575",1,1
"3576",1,1
"3577",0,0
"3578",1,1
"3579",1,1
"3580",1,1
"3581",1,1
"3582",0,1
"3583",1,1
"3584",1,0
"3585",0,0
"3586",0,1
"3587",1,1
"3588",0,0
"3589",1,1
"3590",0,1
"3591",0,1
"3592",0,0
"3593",1,1
"3594",1,1
"3595",0,1
"3596",1,1
"3597",1,1
"3598",0,0
"3599",0,0
"3600",0,0
"3601",1,0
"3602",0,1
"3603",0,0
"3604",1,1
"3605",1,1
"3606",0,0
"3607",0,1
"3608",1,1
"3609",1,1
"3610",1,1
"3611",0,1
"3612",1,1
"3613",0,1
"3614",1,1
"3615",1,1
"3616",0,1
"3617",1,1
"3618",0,0
"3619",0,0
"3620",1,0
"3621",0,0
"3622",1,1
"3623",0,0
"3624",1,1
"3625",0,1
"3626",1,1
"3627",1,1
"3628",1,1
"3629",0,1
"3630",1,1
"3631",0,0
"3632",1,1
"3633",0,0
"3634",0,1
"3635",1,0
"3636",1,0
"3637",0,0
"3638",0,0
"3639",1,1
"3640",0,0
"3641",0,0
"3642",0,1
"3643",0,0
"3644",1,1
"3645",0,0
"3646",0,1
"3647",1,1
"3648",1,1
"3649",0,0
"3650",0,0
"3651",0,1
"3652",0,0
"3653",1,1
"3654",0,0
"3655",1,1
"3656",1,1
"3657",0,1
"3658",0,0
"3659",0,0
"3660",1,1
"3661",1,1
"3662",0,0
"3663",0,0
"3664",0,1
"3665",0,0
"3666",0,0
"3667",0,1
"3668",0,1
"3669",0,1
"3670",0,0
"3671",0,0
"3672",1,1
"3673",0,1
"3674",0,0
"3675",0,0
"3676",0,1
"3677",1,1
"3678",0,0
"3679",0,0
"3680",0,1
"3681",0,0
"3682",1,0
"3683",1,1
"3684",0,0
"3685",1,1
"3686",0,1
"3687",1,1
"3688",1,1
"3689",0,0
"3690",0,1
"3691",0,1
"3692",1,1
"3693",1,1
"3694",0,0
"3695",1,0
"3696",0,0
"3697",1,1
"3698",0,0
"3699",0,1
"3700",0,0
"3701",0,0
"3702",0,0
"3703",0,1
"3704",1,1
"3705",0,0
"3706",0,1
"3707",0,1
"3708",1,1
"3709",0,1
"3710",0,1
"3711",1,1
"3712",1,1
"3713",1,1
"3714",0,1
"3715",0,1
"3716",0,0
"3717",1,0
"3718",0,1
"3719",0,1
"3720",0,1
"3721",0,0
"3722",0,0
"3723",0,0
"3724",0,0
"3725",0,0
"3726",0,0
"3727",0,0
"3728",0,1
"3729",0,0
"3730",0,0
"3731",0,0
"3732",0,0
"3733",0,1
"3734",0,0
"3735",0,0
"3736",1,1
"3737",0,1
"3738",0,1
"3739",0,0
"3740",0,1
"3741",0,0
"3742",0,0
"3743",0,1
"3744",0,0
"3745",0,0
"3746",0,1
"3747",0,1
"3748",0,1
"3749",1,1
"3750",0,0
"3751",0,0
"3752",0,0
"3753",0,1
"3754",0,0
"3755",0,0
"3756",0,0
"3757",1,1
"3758",0,0
"3759",0,0
"3760",0,1
"3761",0,1
"3762",0,0
"3763",0,0
"3764",0,0
"3765",0,1
"3766",0,0
"3767",0,0
"3768",0,0
"3769",0,0
"3770",0,0
"3771",0,0
"3772",0,1
"3773",1,1
"3774",1,1
"3775",0,1
"3776",0,0
"3777",0,1
"3778",0,0
"3779",0,1
"3780",1,1
"3781",0,0
"3782",0,1
"3783",0,1
"3784",1,1
"3785",0,0
"3786",0,0
"3787",0,1
"3788",0,0
"3789",0,1
"3790",0,1
"3791",1,1
"3792",0,0
"3793",0,0
"3794",1,1
"3795",0,0
"3796",0,1
"3797",0,0
"3798",1,1
"3799",0,1
"3800",0,1
"3801",0,0
"3802",0,0
"3803",0,0
"3804",0,0
"3805",0,0
"3806",0,1
"3807",1,1
"3808",0,1
"3809",1,1
"3810",0,1
"3811",0,0
"3812",0,1
"3813",0,1
"3814",1,1
"3815",0,1
"3816",0,1
"3817",0,1
"3818",0,0
"3819",0,0
"3820",0,0
"3821",0,0
"3822",1,1
"3823",0,1
"3824",0,0
"3825",0,1
"3826",0,1
"3827",0,0
"3828",0,0
"3829",0,0
"3830",1,1
"3831",1,1
"3832",0,1
"3833",0,1
"3834",0,1
"3835",0,0
"3836",0,1
"3837",0,1
"3838",1,1
"3839",0,0
"3840",0,0
"3841",0,1
"3842",0,0
"3843",0,0
"3844",0,0
"3845",1,0
"3846",1,0
"3847",0,0
"3848",0,0
"3849",0,0
"3850",0,0
"3851",1,1
"3852",0,1
"3853",1,1
"3854",0,0
"3855",0,0
"3856",0,0
"3857",1,1
"3858",0,1
"3859",0,1
"3860",0,1
"3861",1,1
"3862",1,1
"3863",0,0
"3864",0,1
"3865",0,0
"3866",0,0
"3867",0,0
"3868",0,1
"3869",1,1
"3870",0,0
"3871",0,0
"3872",0,0
"3873",1,1
"3874",0,0
"3875",0,1
"3876",1,1
"3877",0,1
"3878",0,0
"3879",1,1
"3880",0,1
"3881",0,0
"3882",0,0
"3883",0,1
"3884",1,1
"3885",1,1
"3886",0,1
"3887",0,0
"3888",1,1
"3889",1,1
"3890",1,1
"3891",0,0
"3892",0,0
"3893",1,1
"3894",0,0
"3895",0,0
"3896",0,1
"3897",1,1
"3898",0,0
"3899",0,0
"3900",0,0
"3901",0,1
"3902",1,0
"3903",1,1
"3904",0,0
"3905",1,0
"3906",0,0
"3907",1,1
"3908",0,0
"3909",0,0
"3910",0,0
"3911",0,0
"3912",0,0
"3913",0,1
"3914",1,1
"3915",1,1
"3916",0,0
"3917",0,0
"3918",0,0
"3919",0,0
"3920",1,1
"3921",0,0
"3922",0,0
"3923",0,0
"3924",0,1
"3925",0,0
"3926",0,0
"3927",0,0
"3928",0,0
"3929",1,1
"3930",1,1
"3931",0,0
"3932",0,0
"3933",0,1
"3934",0,0
"3935",1,1
"3936",1,1
"3937",1,1
"3938",0,1
"3939",0,1
"3940",1,0
"3941",0,0
"3942",0,0
"3943",0,0
"3944",0,0
"3945",0,0
"3946",0,0
"3947",0,1
"3948",0,0
"3949",0,1
"3950",1,1
"3951",0,1
"3952",0,1
"3953",0,0
"3954",1,1
"3955",0,0
"3956",0,0
"3957",0,1
"3958",0,1
"3959",1,1
"3960",0,0
"3961",0,0
"3962",0,0
"3963",1,0
"3964",0,1
"3965",0,0
"3966",0,0
"3967",1,0
"3968",1,0
"3969",1,1
"3970",0,0
"3971",1,1
"3972",0,1
"3973",0,0
"3974",0,1
"3975",0,0
"3976",1,1
"3977",0,1
"3978",0,0
"3979",0,0
"3980",1,1
"3981",0,1
"3982",1,1
"3983",0,1
"3984",1,1
"3985",0,1
"3986",0,0
"3987",0,0
"3988",1,0
"3989",0,0
"3990",1,1
"3991",0,1
"3992",0,0
"3993",0,0
"3994",0,1
"3995",1,1
"3996",0,0
"3997",0,0
"3998",1,0
"3999",0,0
"4000",0,0
"4001",0,0
"4002",0,1
"4003",0,0
"4004",0,0
"4005",1,1
"4006",1,1
"4007",0,0
"4008",0,1
"4009",0,0
"4010",1,1
"4011",1,1
"4012",1,1
"4013",0,0
"4014",0,1
"4015",1,0
"4016",0,0
"4017",1,0
"4018",1,1
"4019",0,0
"4020",0,1
"4021",0,0
"4022",1,1
"4023",0,0
"4024",0,0
"4025",0,0
"4026",0,1
"4027",0,1
"4028",1,0
"4029",0,0
"4030",1,1
"4031",0,0
"4032",0,0
"4033",1,0
"4034",0,1
"4035",1,1
"4036",1,1
"4037",1,1
"4038",0,0
"4039",0,0
"4040",0,0
"4041",0,0
"4042",1,1
"4043",0,0
"4044",0,1
"4045",1,1
"4046",1,1
"4047",0,1
"4048",0,1
"4049",1,1
"4050",0,1
"4051",1,1
"4052",1,1
"4053",0,0
"4054",1,0
"4055",1,1
"4056",0,1
"4057",0,0
"4058",0,1
"4059",1,0
"4060",0,0
"4061",0,0
"4062",0,0
"4063",0,0
"4064",1,1
"4065",0,0
"4066",1,1
"4067",0,1
"4068",1,1
"4069",0,0
"4070",0,1
"4071",0,0
"4072",0,1
"4073",1,1
"4074",0,1
"4075",0,0
"4076",1,1
"4077",0,1
"4078",0,0
"4079",0,0
"4080",0,1
"4081",0,1
"4082",0,1
"4083",0,0
"4084",1,1
"4085",1,1
"4086",0,0
"4087",0,0
"4088",1,1
"4089",1,1
"4090",1,1
"4091",0,0
"4092",0,0
"4093",1,1
"4094",0,1
"4095",0,1
"4096",1,1
"4097",0,1
"4098",0,0
"4099",0,0
"4100",0,1
"4101",0,0
"4102",0,0
"4103",0,1
"4104",1,1
"4105",0,0
"4106",0,0
"4107",0,1
"4108",1,1
"4109",0,1
"4110",0,1
"4111",0,0
"4112",0,0
"4113",0,1
"4114",0,0
"4115",0,0
"4116",1,1
"4117",0,0
"4118",0,0
"4119",0,1
"4120",0,1
"4121",0,0
"4122",0,0
"4123",0,0
"4124",0,0
"4125",0,1
"4126",0,1
"4127",0,0
"4128",0,1
"4129",0,1
"4130",0,0
"4131",1,1
"4132",0,0
"4133",1,0
"4134",0,1
"4135",0,0
"4136",0,0
"4137",0,1
"4138",0,1
"4139",0,0
"4140",0,0
"4141",0,0
"4142",0,0
"4143",0,1
"4144",0,0
"4145",1,1
"4146",0,0
"4147",1,1
"4148",1,1
"4149",0,1
"4150",1,1
"4151",0,1
"4152",0,0
"4153",1,1
"4154",0,1
"4155",1,1
"4156",0,1
"4157",0,0
"4158",0,1
"4159",0,1
"4160",0,1
"4161",0,1
"4162",0,0
"4163",1,1
"4164",1,1
"4165",0,0
"4166",0,0
"4167",0,1
"4168",0,0
"4169",0,1
"4170",0,0
"4171",1,1
"4172",0,1
"4173",0,1
"4174",0,0
"4175",0,0
"4176",0,1
"4177",0,1
"4178",0,0
"4179",1,1
"4180",0,1
"4181",0,0
"4182",0,0
"4183",0,0
"4184",0,0
"4185",0,1
"4186",0,0
"4187",0,1
"4188",0,0
"4189",0,0
"4190",0,0
"4191",0,1
"4192",0,1
"4193",0,0
"4194",0,0
"4195",1,1
"4196",0,0
"4197",1,1
"4198",1,1
"4199",0,0
"4200",0,1
"4201",1,1
"4202",0,0
"4203",1,1
"4204",0,0
"4205",0,1
"4206",1,1
"4207",1,1
"4208",1,1
"4209",0,1
"4210",0,1
"4211",1,1
"4212",1,1
"4213",0,0
"4214",0,0
"4215",1,1
"4216",0,0
"4217",0,0
"4218",0,0
"4219",1,1
"4220",0,1
"4221",1,1
"4222",0,0
"4223",1,1
"4224",0,1
"4225",0,0
"4226",0,0
"4227",0,0
"4228",0,0
"4229",0,1
"4230",0,1
"4231",0,1
"4232",1,1
"4233",1,1
"4234",1,1
"4235",0,1
"4236",1,1
"4237",0,1
"4238",1,1
"4239",1,1
"4240",1,1
"4241",0,1
"4242",0,0
"4243",0,0
"4244",0,0
"4245",0,1
"4246",1,1
"4247",0,1
"4248",0,1
"4249",0,0
"4250",0,0
"4251",0,1
"4252",0,0
"4253",0,1
"4254",0,1
"4255",0,1
"4256",0,0
"4257",0,0
"4258",0,1
"4259",0,1
"4260",0,0
"4261",1,1
"4262",0,0
"4263",0,0
"4264",0,0
"4265",1,1
"4266",1,1
"4267",0,0
"4268",0,1
"4269",0,1
"4270",0,1
"4271",1,1
"4272",0,1
"4273",0,0
"4274",0,0
"4275",0,1
"4276",1,1
"4277",0,1
"4278",0,0
"4279",0,1
"4280",0,1
"4281",0,0
"4282",0,1
"4283",0,1
"4284",1,1
"4285",0,0
"4286",1,1
"4287",0,1
"4288",0,0
"4289",0,1
"4290",0,0
"4291",0,1
"4292",1,1
"4293",0,0
"4294",1,0
"4295",1,1
"4296",1,1
"4297",0,0
"4298",1,1
"4299",0,1
"4300",0,0
"4301",0,0
"4302",0,0
"4303",0,1
"4304",1,1
"4305",0,1
"4306",0,0
"4307",1,1
"4308",0,0
"4309",0,0
"4310",0,0
"4311",0,0
"4312",0,0
"4313",0,0
"4314",1,1
"4315",0,1
"4316",0,0
"4317",1,1
"4318",0,0
"4319",0,1
"4320",0,0
"4321",0,1
"4322",0,0
"4323",1,1
"4324",1,1
"4325",0,0
"4326",1,1
"4327",0,0
"4328",1,0
"4329",0,1
"4330",0,1
"4331",0,0
"4332",0,1
"4333",0,0
"4334",0,1
"4335",0,0
"4336",1,1
"4337",0,1
"4338",0,0
"4339",0,0
"4340",1,1
"4341",0,1
"4342",0,0
"4343",0,0
"4344",1,1
"4345",1,1
"4346",0,0
"4347",0,0
"4348",1,1
"4349",1,1
"4350",0,0
"4351",1,0
"4352",1,1
"4353",1,1
"4354",1,1
"4355",0,1
"4356",1,1
"4357",0,1
"4358",0,0
"4359",0,1
"4360",0,1
"4361",0,0
"4362",0,1
"4363",0,1
"4364",1,1
"4365",0,0
"4366",0,0
"4367",0,0
"4368",1,1
"4369",0,0
"4370",1,1
"4371",1,0
"4372",1,1
"4373",0,0
"4374",0,1
"4375",0,1
"4376",0,1
"4377",0,0
"4378",1,1
"4379",0,0
"4380",0,1
"4381",0,0
"4382",1,1
"4383",0,0
"4384",1,1
"4385",0,1
"4386",0,0
"4387",0,0
"4388",0,1
"4389",0,1
"4390",0,0
"4391",0,0
"4392",0,0
"4393",0,0
"4394",0,0
"4395",0,1
"4396",0,0
"4397",1,0
"4398",1,0
"4399",1,1
"4400",0,1
"4401",0,1
"4402",0,1
"4403",0,1
"4404",0,0
"4405",1,1
"4406",1,0
"4407",1,1
"4408",0,1
"4409",0,0
"4410",1,1
"4411",1,1
"4412",1,1
"4413",0,0
"4414",0,0
"4415",1,1
"4416",1,0
"4417",0,1
"4418",1,1
"4419",0,1
"4420",0,0
"4421",0,0
"4422",0,0
"4423",0,0
"4424",0,0
"4425",1,1
"4426",0,0
"4427",0,0
"4428",0,0
"4429",0,1
"4430",0,0
"4431",0,0
"4432",0,0
"4433",0,1
"4434",0,0
"4435",0,0
"4436",1,1
"4437",1,1
"4438",0,0
"4439",0,1
"4440",0,1
"4441",1,1
"4442",0,1
"4443",0,1
"4444",0,0
"4445",0,0
"4446",1,1
"4447",0,1
"4448",0,1
"4449",0,1
"4450",1,1
"4451",0,1
"4452",0,1
"4453",0,0
"4454",0,0
"4455",0,1
"4456",0,0
"4457",0,0
"4458",0,0
"4459",0,1
"4460",0,1
"4461",0,1
"4462",1,1
"4463",1,1
"4464",0,0
"4465",1,1
"4466",1,1
"4467",1,1
"4468",0,0
"4469",1,1
"4470",0,0
"4471",1,1
"4472",0,0
"4473",0,1
"4474",1,1
"4475",0,0
"4476",0,1
"4477",0,0
"4478",0,0
"4479",0,0
"4480",0,0
"4481",0,0
"4482",0,1
"4483",0,1
"4484",1,1
"4485",1,1
"4486",0,1
"4487",0,1
"4488",0,1
"4489",0,0
"4490",0,1
"4491",1,1
"4492",1,1
"4493",1,1
"4494",0,0
"4495",1,1
"4496",1,1
"4497",1,0
"4498",1,1
"4499",0,0
"4500",0,0
"4501",0,0
"4502",1,1
"4503",1,1
"4504",0,1
"4505",0,1
"4506",0,1
"4507",0,0
"4508",1,0
"4509",1,1
"4510",0,0
"4511",1,1
"4512",0,0
"4513",0,0
"4514",0,0
"4515",0,0
"4516",0,1
"4517",0,1
"4518",0,1
"4519",0,1
"4520",0,0
"4521",0,0
"4522",0,0
"4523",0,0
"4524",1,1
"4525",0,1
"4526",0,0
"4527",0,1
"4528",0,0
"4529",0,1
"4530",0,1
"4531",0,0
"4532",0,0
"4533",0,1
"4534",0,1
"4535",0,0
"4536",1,1
"4537",0,1
"4538",1,1
"4539",1,1
"4540",0,0
"4541",0,1
"4542",1,1
"4543",0,0
"4544",0,0
"4545",0,0
"4546",0,0
"4547",1,1
"4548",0,0
"4549",0,1
"4550",0,0
"4551",0,0
"4552",0,1
"4553",0,0
"4554",0,0
"4555",1,1
"4556",0,0
"4557",0,1
"4558",0,1
"4559",0,0
"4560",1,1
"4561",0,0
"4562",0,1
"4563",0,0
"4564",1,1
"4565",1,1
"4566",0,0
"4567",1,1
"4568",1,1
"4569",0,0
"4570",0,1
"4571",0,1
"4572",1,1
"4573",0,0
"4574",0,1
"4575",0,1
"4576",0,1
"4577",0,1
"4578",1,1
"4579",1,0
"4580",0,1
"4581",1,1
"4582",0,0
"4583",0,0
"4584",1,1
"4585",1,1
"4586",0,0
"4587",1,1
"4588",0,0
"4589",1,1
"4590",0,0
"4591",0,0
"4592",1,0
"4593",1,1
"4594",0,0
"4595",0,0
"4596",0,0
"4597",1,1
"4598",0,1
"4599",0,0
"4600",0,1
"4601",1,1
"4602",0,0
"4603",0,0
"4604",0,0
"4605",0,0
"4606",0,1
"4607",0,0
"4608",0,0
"4609",0,0
"4610",0,0
"4611",0,0
"4612",0,1
"4613",0,1
"4614",0,0
"4615",0,1
"4616",0,1
"4617",0,1
"4618",0,0
"4619",0,1
"4620",0,0
"4621",0,0
"4622",1,1
"4623",0,0
"4624",0,0
"4625",0,0
"4626",0,0
"4627",1,1
"4628",1,1
"4629",1,1
"4630",0,1
"4631",0,0
"4632",1,1
"4633",1,1
"4634",0,1
"4635",0,0
"4636",0,1
"4637",0,1
"4638",0,0
"4639",1,1
"4640",0,1
"4641",1,1
"4642",1,1
"4643",1,1
"4644",0,0
"4645",0,0
"4646",0,0
"4647",0,0
"4648",0,1
"4649",0,1
"4650",1,1
"4651",1,1
"4652",1,1
"4653",0,0
"4654",0,0
"4655",0,0
"4656",0,0
"4657",0,1
"4658",0,0
"4659",0,1
"4660",0,1
"4661",1,1
"4662",1,0
"4663",0,0
"4664",0,0
"4665",0,1
"4666",0,0
"4667",1,1
"4668",0,1
"4669",1,1
"4670",0,0
"4671",1,1
"4672",0,0
"4673",0,0
"4674",1,0
"4675",1,0
"4676",1,1
"4677",1,1
"4678",0,1
"4679",0,1
"4680",0,0
"4681",0,0
"4682",0,0
"4683",0,0
"4684",1,1
"4685",0,1
"4686",0,0
"4687",0,1
"4688",1,1
"4689",0,1
"4690",0,1
"4691",0,0
"4692",0,0
"4693",0,0
"4694",0,1
"4695",0,0
"4696",1,1
"4697",0,1
"4698",0,0
"4699",1,1
"4700",0,1
"4701",0,1
"4702",1,1
"4703",0,1
"4704",0,1
"4705",0,0
"4706",0,0
"4707",1,1
"4708",0,0
"4709",1,1
"4710",0,1
"4711",0,0
"4712",0,1
"4713",0,1
"4714",0,1
"4715",1,1
"4716",0,0
"4717",0,1
"4718",1,1
"4719",0,1
"4720",1,1
"4721",0,0
"4722",0,1
"4723",0,0
"4724",0,0
"4725",0,1
"4726",1,1
"4727",0,0
"4728",1,1
"4729",0,1
"4730",0,0
"4731",0,1
"4732",0,0
"4733",0,0
"4734",0,0
"4735",0,0
"4736",0,1
"4737",0,0
"4738",0,0
"4739",0,0
"4740",0,0
"4741",0,1
"4742",0,1
"4743",0,0
"4744",0,1
"4745",0,1
"4746",0,0
"4747",0,0
"4748",0,0
"4749",0,0
"4750",0,1
"4751",0,1
"4752",1,1
"4753",0,1
"4754",0,1
"4755",1,1
"4756",1,0
"4757",0,0
"4758",0,0
"4759",0,1
"4760",0,0
"4761",0,1
"4762",0,1
"4763",0,1
"4764",0,0
"4765",0,1
"4766",0,1
"4767",0,0
"4768",0,0
"4769",0,0
"4770",1,1
"4771",0,0
"4772",0,1
"4773",0,1
"4774",0,0
"4775",1,1
"4776",0,1
"4777",1,1
"4778",0,1
"4779",0,0
"4780",1,1
"4781",1,1
"4782",1,1
"4783",0,1
"4784",0,0
"4785",0,1
"4786",0,1
"4787",1,1
"4788",0,1
"4789",0,1
"4790",0,1
"4791",1,0
"4792",1,1
"4793",1,1
"4794",0,1
"4795",1,1
"4796",1,1
"4797",0,0
"4798",1,1
"4799",0,1
"4800",0,1
"4801",1,1
"4802",0,1
"4803",1,1
"4804",0,1
"4805",0,0
"4806",0,0
"4807",0,1
"4808",1,1
"4809",0,0
"4810",0,0
"4811",0,0
"4812",0,0
"4813",0,0
"4814",0,0
"4815",1,1
"4816",1,1
"4817",0,1
"4818",0,0
"4819",0,1
"4820",0,0
"4821",0,0
"4822",0,1
"4823",0,0
"4824",1,1
"4825",0,1
"4826",0,1
"4827",0,1
"4828",0,1
"4829",0,1
"4830",1,1
"4831",0,0
"4832",0,0
"4833",0,0
"4834",0,1
"4835",1,1
"4836",0,0
"4837",1,1
"4838",0,0
"4839",0,0
"4840",0,1
"4841",0,0
"4842",0,0
"4843",0,0
"4844",0,1
"4845",0,0
"4846",0,1
"4847",0,0
"4848",0,1
"4849",0,0
"4850",1,0
"4851",1,1
"4852",0,1
"4853",1,1
"4854",0,0
"4855",0,1
"4856",1,1
"4857",0,0
"4858",0,0
"4859",0,0
"4860",0,1
"4861",1,1
"4862",0,1
"4863",0,0
"4864",0,0
"4865",0,0
"4866",0,1
"4867",1,1
"4868",0,1
"4869",1,1
"4870",0,0
"4871",0,1
"4872",0,0
"4873",0,1
"4874",0,0
"4875",0,0
"4876",0,0
"4877",1,1
"4878",0,0
"4879",1,1
"4880",1,1
"4881",0,1
"4882",1,1
"4883",1,1
"4884",0,0
"4885",0,0
"4886",0,1
"4887",0,0
"4888",1,0
"4889",0,1
"4890",1,1
"4891",1,1
"4892",1,1
"4893",0,1
"4894",1,1
"4895",0,0
"4896",1,0
"4897",0,0
"4898",0,0
"4899",0,0
"4900",0,1
"4901",0,1
"4902",0,0
"4903",0,0
"4904",0,0
"4905",0,1
"4906",0,0
"4907",0,0
"4908",0,0
"4909",0,0
"4910",0,0
"4911",1,1
"4912",0,1
"4913",1,1
"4914",0,0
"4915",0,0
"4916",0,0
"4917",0,0
"4918",1,1
"4919",0,1
"4920",0,0
"4921",0,1
"4922",0,0
"4923",0,1
"4924",0,0
"4925",1,0
"4926",1,1
"4927",0,0
"4928",0,0
"4929",0,0
"4930",0,0
"4931",0,0
"4932",0,1
"4933",0,0
"4934",0,0
"4935",0,1
"4936",0,0
"4937",1,0
"4938",1,1
"4939",1,1
"4940",0,0
"4941",1,1
"4942",0,0
"4943",0,1
"4944",0,0
"4945",0,0
"4946",0,1
"4947",0,1
"4948",0,1
"4949",0,0
"4950",1,1
"4951",0,0
"4952",0,0
"4953",1,0
"4954",0,1
"4955",0,1
"4956",0,1
"4957",0,0
"4958",0,1
"4959",0,0
"4960",0,1
"4961",0,1
"4962",0,0
"4963",1,1
"4964",0,0
"4965",0,1
"4966",1,1
"4967",0,1
"4968",1,1
"4969",0,1
"4970",0,0
"4971",0,0
"4972",1,1
"4973",0,0
"4974",0,1
"4975",0,1
"4976",0,1
"4977",0,0
"4978",0,1
"4979",0,1
"4980",1,1
"4981",1,1
"4982",0,1
"4983",0,0
"4984",0,1
"4985",0,1
"4986",0,0
"4987",0,0
"4988",1,1
"4989",0,0
"4990",0,1
"4991",0,1
"4992",0,0
"4993",1,1
"4994",0,0
"4995",0,0
"4996",1,1
"4997",0,0
"4998",0,0
"4999",1,1
"5000",1,1
"5001",0,1
"5002",1,1
"5003",0,0
"5004",1,1
"5005",0,1
"5006",0,0
"5007",0,1
"5008",1,1
"5009",0,0
"5010",0,0
"5011",0,0
"5012",1,1
"5013",1,1
"5014",0,0
"5015",0,0
"5016",0,0
"5017",1,1
"5018",0,0
"5019",0,0
"5020",1,1
"5021",0,1
"5022",1,1
"5023",0,0
"5024",0,0
"5025",1,1
"5026",0,0
"5027",0,0
"5028",1,1
"5029",0,0
"5030",0,0
"5031",1,1
"5032",0,0
"5033",0,0
"5034",0,0
"5035",1,1
"5036",0,1
"5037",0,0
"5038",0,1
"5039",1,1
"5040",1,1
"5041",0,0
"5042",0,0
"5043",0,0
"5044",1,1
"5045",0,0
"5046",1,1
"5047",1,1
"5048",0,0
"5049",0,0
"5050",1,1
"5051",0,1
"5052",1,1
"5053",0,0
"5054",1,1
"5055",0,1
"5056",0,1
"5057",0,0
"5058",0,0
"5059",1,1
"5060",1,0
"5061",0,1
"5062",0,0
"5063",0,0
"5064",0,1
"5065",0,1
"5066",0,0
"5067",1,1
"5068",0,0
"5069",0,0
"5070",0,1
"5071",1,1
"5072",0,0
"5073",0,0
"5074",1,1
"5075",1,1
"5076",1,1
"5077",1,1
"5078",0,1
"5079",0,0
"5080",0,1
"5081",0,0
"5082",1,0
"5083",0,1
"5084",1,1
"5085",1,1
"5086",0,1
"5087",0,0
"5088",0,0
"5089",1,1
"5090",1,1
"5091",1,1
"5092",0,0
"5093",0,1
"5094",0,0
"5095",0,0
"5096",0,1
"5097",0,0
"5098",0,0
"5099",0,1
"5100",0,0
"5101",0,1
"5102",0,1
"5103",0,0
"5104",0,0
"5105",0,0
"5106",0,0
"5107",1,1
"5108",0,1
"5109",1,1
"5110",0,1
"5111",0,0
"5112",0,0
"5113",0,1
"5114",1,0
"5115",0,0
"5116",0,0
"5117",0,0
"5118",1,1
"5119",0,0
"5120",0,0
"5121",0,0
"5122",1,1
"5123",0,0
"5124",0,0
"5125",0,0
"5126",0,0
"5127",0,1
"5128",1,1
"5129",0,0
"5130",0,1
"5131",0,1
"5132",1,1
"5133",0,1
"5134",0,0
"5135",1,1
"5136",0,1
"5137",0,1
"5138",0,0
"5139",0,1
"5140",1,1
"5141",0,0
"5142",0,0
"5143",0,0
"5144",0,1
"5145",0,0
"5146",0,0
"5147",0,1
"5148",1,1
"5149",0,1
"5150",1,1
"5151",0,1
"5152",0,0
"5153",0,1
"5154",0,1
"5155",0,1
"5156",1,1
"5157",0,0
"5158",0,1
"5159",0,0
"5160",1,1
"5161",0,1
"5162",0,0
"5163",0,0
"5164",1,1
"5165",0,0
"5166",0,1
"5167",1,1
"5168",0,0
"5169",1,1
"5170",0,0
"5171",0,0
"5172",0,1
"5173",1,0
"5174",0,0
"5175",0,1
"5176",0,1
"5177",0,0
"5178",0,0
"5179",0,1
"5180",0,0
"5181",1,1
"5182",0,1
"5183",0,0
"5184",1,1
"5185",1,0
"5186",0,0
"5187",1,1
"5188",1,1
"5189",0,0
"5190",1,1
"5191",0,0
"5192",1,1
"5193",0,0
"5194",0,0
"5195",0,1
"5196",0,0
"5197",0,0
"5198",0,0
"5199",1,1
"5200",0,1
"5201",0,0
"5202",0,1
"5203",0,0
"5204",0,1
"5205",1,1
"5206",0,0
"5207",0,0
"5208",0,1
"5209",0,0
"5210",0,0
"5211",0,0
"5212",0,0
"5213",0,1
"5214",0,1
"5215",0,1
"5216",1,1
"5217",1,1
"5218",0,0
"5219",1,0
"5220",1,1
"5221",1,1
"5222",0,1
"5223",0,1
"5224",0,0
"5225",0,1
"5226",0,0
"5227",0,0
"5228",0,0
"5229",1,1
"5230",1,1
"5231",0,1
"5232",0,1
"5233",0,0
"5234",0,0
"5235",0,1
"5236",0,0
"5237",0,0
"5238",0,1
"5239",1,1
"5240",0,0
"5241",1,1
"5242",0,0
"5243",0,1
"5244",1,1
"5245",0,1
"5246",1,0
"5247",0,0
"5248",1,1
"5249",0,0
"5250",0,1
"5251",0,0
"5252",0,0
"5253",0,0
"5254",0,1
"5255",1,1
"5256",0,1
"5257",0,1
"5258",0,0
"5259",0,0
"5260",0,1
"5261",0,0
"5262",0,0
"5263",0,1
"5264",0,0
"5265",0,0
"5266",0,1
"5267",0,0
"5268",0,0
"5269",0,0
"5270",0,0
"5271",0,1
"5272",0,1
"5273",0,0
"5274",1,1
"5275",0,0
"5276",0,0
"5277",1,1
"5278",0,0
"5279",0,0
"5280",0,1
"5281",0,0
"5282",0,0
"5283",0,1
"5284",0,0
"5285",1,1
"5286",0,0
"5287",1,1
"5288",0,1
"5289",0,0
"5290",1,0
"5291",1,1
"5292",0,0
"5293",0,1
"5294",0,0
"5295",1,1
"5296",0,0
"5297",1,1
"5298",0,1
"5299",0,0
"5300",0,0
"5301",0,0
"5302",0,0
"5303",0,0
"5304",1,1
"5305",1,1
"5306",0,0
"5307",0,0
"5308",0,1
"5309",0,0
"5310",1,1
"5311",0,0
"5312",0,1
"5313",0,0
"5314",0,0
"5315",0,1
"5316",1,1
"5317",0,0
"5318",0,0
"5319",0,1
"5320",0,0
"5321",0,0
"5322",0,0
"5323",0,0
"5324",0,0
"5325",1,1
"5326",0,1
"5327",0,0
"5328",1,1
"5329",0,1
"5330",0,0
"5331",0,1
"5332",0,0
"5333",1,1
"5334",1,1
"5335",0,0
"5336",0,0
"5337",1,1
"5338",0,0
"5339",0,0
"5340",0,0
"5341",1,1
"5342",0,1
"5343",0,0
"5344",0,1
"5345",0,0
"5346",1,0
"5347",0,1
"5348",0,1
"5349",0,1
"5350",0,1
"5351",1,1
"5352",0,1
"5353",0,0
"5354",0,1
"5355",0,0
"5356",0,0
"5357",0,1
"5358",0,0
"5359",0,1
"5360",1,1
"5361",0,1
"5362",1,1
"5363",0,1
"5364",1,1
"5365",0,0
"5366",0,1
"5367",0,0
"5368",0,0
"5369",0,1
"5370",0,1
"5371",0,0
"5372",0,0
"5373",0,0
"5374",0,0
"5375",0,0
"5376",0,0
"5377",0,0
"5378",0,0
"5379",0,0
"5380",0,0
"5381",0,0
"5382",1,1
"5383",0,0
"5384",0,1
"5385",0,0
"5386",1,1
"5387",0,0
"5388",0,0
"5389",1,1
"5390",1,1
"5391",0,0
"5392",0,0
"5393",0,0
"5394",0,1
"5395",0,0
"5396",0,1
"5397",0,0
"5398",0,0
"5399",0,1
"5400",0,1
"5401",0,0
"5402",0,0
"5403",0,0
"5404",0,0
"5405",0,0
"5406",0,0
"5407",0,1
"5408",0,1
"5409",0,1
"5410",0,0
"5411",1,1
"5412",0,0
"5413",1,0
"5414",1,1
"5415",0,1
"5416",1,1
"5417",0,0
"5418",1,1
"5419",0,0
"5420",0,1
"5421",0,0
"5422",0,0
"5423",0,0
"5424",0,1
"5425",0,1
"5426",0,0
"5427",0,1
"5428",0,1
"5429",0,0
"5430",1,1
"5431",1,1
"5432",0,1
"5433",1,1
"5434",0,1
"5435",0,0
"5436",0,1
"5437",0,0
"5438",1,1
"5439",0,0
"5440",0,0
"5441",0,1
"5442",0,0
"5443",0,1
"5444",0,1
"5445",0,0
"5446",1,1
"5447",0,0
"5448",0,0
"5449",1,1
"5450",1,1
"5451",0,0
"5452",0,0
"5453",0,0
"5454",0,0
"5455",0,0
"5456",1,1
"5457",1,1
"5458",0,0
"5459",0,0
"5460",1,1
"5461",0,1
"5462",0,0
"5463",0,0
"5464",1,1
"5465",0,1
"5466",0,0
"5467",0,0
"5468",0,1
"5469",1,1
"5470",0,1
"5471",1,0
"5472",0,0
"5473",0,0
"5474",0,1
"5475",0,0
"5476",0,0
"5477",0,1
"5478",0,1
"5479",0,0
"5480",1,1
"5481",0,0
"5482",0,0
"5483",0,0
"5484",1,1
"5485",0,0
"5486",1,1
"5487",1,1
"5488",0,0
"5489",0,0
"5490",0,0
"5491",1,0
"5492",0,1
"5493",0,0
"5494",0,1
"5495",0,0
"5496",1,1
"5497",0,0
"5498",0,1
"5499",1,1
"5500",0,0
"5501",0,0
"5502",0,0
"5503",0,0
"5504",0,0
"5505",0,1
"5506",1,1
"5507",1,1
"5508",0,0
"5509",0,0
"5510",0,1
"5511",0,0
"5512",0,1
"5513",0,0
"5514",0,0
"5515",0,1
"5516",0,1
"5517",0,0
"5518",0,0
"5519",1,1
"5520",0,1
"5521",0,0
"5522",0,0
"5523",0,0
"5524",0,1
"5525",0,1
"5526",0,0
"5527",0,1
"5528",0,1
"5529",0,0
"5530",0,0
"5531",0,1
"5532",0,0
"5533",1,1
"5534",0,0
"5535",1,1
"5536",1,0
"5537",0,1
"5538",1,0
"5539",0,0
"5540",0,0
"5541",0,0
"5542",1,1
"5543",1,1
"5544",0,1
"5545",0,1
"5546",0,0
"5547",0,0
"5548",0,1
"5549",0,1
"5550",1,1
"5551",0,1
"5552",1,1
"5553",1,1
"5554",0,0
"5555",0,1
"5556",0,1
"5557",0,0
"5558",1,1
"5559",0,1
"5560",0,0
"5561",0,1
"5562",0,1
"5563",0,1
"5564",0,0
"5565",1,0
"5566",1,1
"5567",1,1
"5568",0,0
"5569",0,1
"5570",0,0
"5571",0,1
"5572",0,0
"5573",0,1
"5574",0,1
"5575",1,1
"5576",0,1
"5577",0,1
"5578",1,1
"5579",0,1
"5580",0,0
"5581",1,1
"5582",0,0
"5583",0,0
"5584",1,1
"5585",0,0
"5586",1,1
"5587",1,0
"5588",0,0
"5589",0,0
"5590",1,1
"5591",0,1
"5592",0,1
"5593",0,1
"5594",0,0
"5595",1,1
"5596",0,0
"5597",0,0
"5598",0,1
"5599",0,0
"5600",0,0
"5601",0,0
"5602",1,1
"5603",0,0
"5604",1,1
"5605",1,1
"5606",0,0
"5607",0,1
"5608",1,1
"5609",0,0
"5610",0,1
"5611",0,0
"5612",0,0
"5613",0,1
"5614",1,1
"5615",0,1
"5616",0,0
"5617",0,1
"5618",0,0
"5619",0,1
"5620",0,1
"5621",0,1
"5622",1,1
"5623",0,1
"5624",1,1
"5625",0,1
"5626",0,0
"5627",0,1
"5628",0,1
"5629",0,1
"5630",0,0
"5631",1,0
"5632",0,1
"5633",0,0
"5634",0,0
"5635",0,0
"5636",0,0
"5637",0,0
"5638",0,0
"5639",0,0
"5640",0,1
"5641",0,1
"5642",0,1
"5643",0,0
"5644",1,0
"5645",0,0
"5646",0,0
"5647",1,0
"5648",0,0
"5649",0,1
"5650",0,0
"5651",0,1
"5652",1,1
"5653",1,0
"5654",0,0
"5655",0,0
"5656",0,1
"5657",0,0
"5658",1,1
"5659",0,0
"5660",1,1
"5661",1,1
"5662",1,1
"5663",0,0
"5664",0,1
"5665",0,0
"5666",1,1
"5667",0,0
"5668",0,1
"5669",0,0
"5670",1,1
"5671",0,0
"5672",1,1
"5673",0,1
"5674",1,1
"5675",0,1
"5676",1,1
"5677",0,0
"5678",0,0
"5679",0,0
"5680",0,1
"5681",0,1
"5682",0,0
"5683",0,0
"5684",0,1
"5685",0,1
"5686",0,0
"5687",1,1
"5688",1,1
"5689",0,1
"5690",0,0
"5691",0,0
"5692",0,0
"5693",0,0
"5694",0,0
"5695",1,1
"5696",0,1
"5697",0,0
"5698",0,0
"5699",0,1
"5700",0,0
"5701",0,0
"5702",1,1
"5703",1,1
"5704",0,0
"5705",0,1
"5706",0,1
"5707",0,0
"5708",0,0
"5709",1,1
"5710",1,1
"5711",0,0
"5712",0,0
"5713",0,0
"5714",0,1
"5715",0,0
"5716",0,0
"5717",0,1
"5718",1,1
"5719",0,1
"5720",0,0
"5721",0,0
"5722",0,0
"5723",1,1
"5724",0,0
"5725",1,1
"5726",0,0
"5727",0,1
"5728",1,0
"5729",0,0
"5730",0,0
"5731",0,0
"5732",0,1
"5733",0,0
"5734",0,0
"5735",0,0
"5736",0,0
"5737",0,0
"5738",0,0
"5739",0,0
"5740",0,1
"5741",0,1
"5742",0,1
"5743",0,0
"5744",0,0
"5745",0,1
"5746",0,0
"5747",1,1
"5748",0,0
"5749",1,1
"5750",0,0
"5751",0,1
"5752",0,0
"5753",1,1
"5754",1,1
"5755",0,0
"5756",0,1
"5757",0,0
"5758",1,1
"5759",0,1
"5760",1,1
"5761",0,1
"5762",0,0
"5763",0,0
"5764",0,0
"5765",0,0
"5766",1,1
"5767",0,0
"5768",1,1
"5769",0,1
"5770",0,0
"5771",1,1
"5772",0,1
"5773",0,0
"5774",1,1
"5775",0,0
"5776",0,0
"5777",0,0
"5778",0,1
"5779",0,0
"5780",0,0
"5781",0,0
"5782",0,0
"5783",0,1
"5784",0,1
"5785",0,0
"5786",0,0
"5787",0,0
"5788",0,0
"5789",0,0
"5790",0,1
"5791",0,0
"5792",0,1
"5793",1,1
"5794",0,1
"5795",0,1
"5796",0,0
"5797",0,1
"5798",0,1
"5799",0,0
"5800",1,1
"5801",0,0
"5802",1,0
"5803",0,0
"5804",0,0
"5805",0,0
"5806",0,1
"5807",0,0
"5808",0,0
"5809",0,1
"5810",0,0
"5811",1,0
"5812",1,1
"5813",0,0
"5814",1,1
"5815",0,1
"5816",1,1
"5817",0,1
"5818",1,1
"5819",0,1
"5820",0,1
"5821",0,0
"5822",0,0
"5823",0,0
"5824",0,1
"5825",1,1
"5826",0,0
"5827",0,0
"5828",1,0
"5829",0,0
"5830",0,0
"5831",0,0
"5832",0,1
"5833",1,0
"5834",0,0
"5835",0,0
"5836",0,0
"5837",1,1
"5838",0,0
"5839",0,0
"5840",1,1
"5841",0,1
"5842",0,1
"5843",0,0
"5844",1,1
"5845",0,0
"5846",0,0
"5847",0,0
"5848",1,1
"5849",0,0
"5850",0,0
"5851",0,1
"5852",0,1
"5853",0,0
"5854",0,0
"5855",0,1
"5856",0,0
"5857",0,0
"5858",0,0
"5859",0,1
"5860",0,0
"5861",0,1
"5862",0,0
"5863",0,1
"5864",0,0
"5865",0,0
"5866",0,1
"5867",0,1
"5868",0,0
"5869",0,0
"5870",0,0
"5871",0,1
"5872",0,1
"5873",1,0
"5874",1,0
"5875",0,1
"5876",0,0
"5877",0,0
"5878",0,1
"5879",0,0
"5880",0,1
"5881",0,0
"5882",0,1
"5883",0,1
"5884",0,0
"5885",0,0
"5886",0,0
"5887",1,1
"5888",0,1
"5889",1,1
"5890",0,0
"5891",0,0
"5892",0,0
"5893",1,1
"5894",1,1
"5895",0,1
"5896",0,0
"5897",1,0
"5898",1,1
"5899",0,1
"5900",0,1
"5901",0,0
"5902",0,0
"5903",0,0
"5904",0,1
"5905",0,0
"5906",1,1
"5907",1,1
"5908",0,0
"5909",0,0
"5910",0,1
"5911",1,1
"5912",0,1
"5913",0,0
"5914",1,1
"5915",0,0
"5916",1,1
"5917",0,1
"5918",0,0
"5919",0,1
"5920",0,1
"5921",1,1
"5922",0,1
"5923",0,0
"5924",0,0
"5925",1,1
"5926",0,0
"5927",1,1
"5928",0,0
"5929",0,1
"5930",0,1
"5931",0,0
"5932",0,1
"5933",0,0
"5934",0,0
"5935",0,0
"5936",1,1
"5937",0,0
"5938",0,0
"5939",1,1
"5940",0,0
"5941",0,1
"5942",0,1
"5943",1,1
"5944",0,0
"5945",0,1
"5946",0,0
"5947",1,1
"5948",0,1
"5949",1,1
"5950",0,0
"5951",0,0
"5952",0,0
"5953",0,0
"5954",1,1
"5955",0,0
"5956",0,0
"5957",0,0
"5958",1,1
"5959",1,1
"5960",1,1
"5961",1,1
"5962",0,1
"5963",0,1
"5964",0,1
"5965",0,1
"5966",1,0
"5967",0,0
"5968",0,1
"5969",1,1
"5970",0,0
"5971",1,0
"5972",0,1
"5973",0,0
"5974",0,1
"5975",1,1
"5976",0,0
"5977",1,0
"5978",0,1
"5979",1,1
"5980",1,1
"5981",0,0
"5982",0,0
"5983",0,0
"5984",0,0
"5985",0,0
"5986",0,1
"5987",1,1
"5988",1,0
"5989",1,1
"5990",1,1
"5991",0,0
"5992",0,0
"5993",1,1
"5994",0,1
"5995",1,1
"5996",0,0
"5997",0,1
"5998",0,0
"5999",0,0
"6000",0,0
"6001",0,0
"6002",0,1
"6003",1,1
"6004",0,0
"6005",0,0
"6006",0,1
"6007",0,1
"6008",0,0
"6009",0,1
"6010",1,1
"6011",1,1
"6012",0,1
"6013",0,1
"6014",0,0
"6015",0,0
"6016",0,0
"6017",0,0
"6018",0,1
"6019",0,0
"6020",0,0
"6021",0,1
"6022",0,1
"6023",0,0
"6024",0,1
"6025",0,0
"6026",0,0
"6027",0,0
"6028",0,1
"6029",1,1
"6030",1,1
"6031",0,0
"6032",0,0
"6033",0,0
"6034",0,0
"6035",1,0
"6036",1,1
"6037",0,1
"6038",1,1
"6039",0,1
"6040",0,0
"6041",1,1
"6042",0,1
"6043",0,1
"6044",0,0
"6045",1,1
"6046",1,1
"6047",0,1
"6048",0,0
"6049",0,0
